timestamp_utc,block_number,miner,block_hash
2025-10-30T15:13:45.183564+00:00,1,node02:18443,0b30f9e679b8d45af9411ef00e2d46772e54de3ee981f95c0a92fe76bac05f67
2025-10-30T15:13:50.211880+00:00,2,node01:18443,2ad8ace81722baa31b2f11e640feb233c35676c6af192140889476b152bd1f0a
2025-10-30T15:13:55.332755+00:00,3,node01:18443,37d24ae829d82c84d75218ac4e1a0a949d49594a0baed8f090a7d7f8428da023
2025-10-30T15:14:00.339863+00:00,4,node02:18443,4f7c8bf1aa27f1d10dd0fb472455fad75f8187c50bdf06084668619903689d46
2025-10-30T15:14:05.405050+00:00,5,node02:18443,13a0d9e9fa0435781866e463e63bb7e5822f3fdd5097bdd1fa8c5cd8722e13cc
2025-10-30T15:14:10.416057+00:00,6,node01:18443,739d89f38932d24ef7404d9de6a010f9ade328f8a4c9591c77ad95d8eba55279
2025-10-30T15:14:15.475077+00:00,7,node01:18443,09ae129060f65749a6eb3156bf2e5756d7e945d4f5ae5cf30f9ae18e5dcc1840
2025-10-30T15:14:20.582591+00:00,8,node02:18443,1d1a0190b3dc8f98b84f91c77fbc71b942f285dadcd5c81b456124abe50d862c
2025-10-30T15:14:25.696563+00:00,9,node02:18443,0de2da35fb64d3fe7f873eb58a680cd1b516c1322c71e422d44d594cc71ad789
2025-10-30T15:14:30.703815+00:00,10,node01:18443,295e56ab0134bd2438e183c6edf6a27e7ea8ac43c6045ffc6519a2a7305af0d9
2025-10-30T15:14:35.821695+00:00,11,node02:18443,6cf0b04c34c0e12ac54fafbf825706173b793d03a731ddbf14f82b42694e1d9d
2025-10-30T15:14:40.848415+00:00,12,node01:18443,7b74d7d07fb19efb9757fd4c9d4ea94a31c97b07c2ce7e73b720f1e4b5e5eda6
2025-10-30T15:14:45.964907+00:00,13,node01:18443,24401834b53622797fe474cf612c954d93d14ea27431d615f7f954aa9c5bf173
2025-10-30T15:14:50.972369+00:00,14,node01:18443,100c6cf06d66cbd93677e65da259f19bd3440ce20ba661537da6a2fc6d364241
2025-10-30T15:14:56.029195+00:00,15,node02:18443,68a8e6de1d040f2f37b7853ecc5b0d9cbe411426d2e0be8cf966ed0d00ab42bc
2025-10-30T15:15:01.035991+00:00,16,node01:18443,0b192de30339321a77b6e9a321f5c3a485d7bcc1c2be4b5d1792bb9bbd16add9
2025-10-30T15:15:06.048072+00:00,17,node02:18443,0170dc47822babcfb45056870372dbb13ff8a49bc8b26a8f39deea1ddda73a15
2025-10-30T15:15:11.173292+00:00,18,node01:18443,2b108211cf3a14a7dad28191cc1cc10b3b7f2b90a61904eb71568e159d3e0dcb
2025-10-30T15:15:16.208159+00:00,19,node02:18443,5804fc1401a0b6c25492933a375eb65cce8b8dbb8860355e9dafeea3920d476e
2025-10-30T15:15:21.227539+00:00,20,node01:18443,707cf57e6790575041bda722a27707ea77574f840232750de304bfdea692233c
2025-10-30T15:15:26.242435+00:00,21,node02:18443,4405a02a04df02dbdb4af30e678ee66b060c9ddb2aa8163237b6b83d2e4a778e
2025-10-30T15:15:31.328546+00:00,22,node01:18443,7ef304cdaf376c133751c64b08db5bb4ad1729d13c3530a17de096899537871f
2025-10-30T15:15:36.372982+00:00,23,node01:18443,06db7dd4da36802dc0d21ce8fb0444f53fa9be24bcee0b994140458713bf6633
2025-10-30T15:15:41.865159+00:00,24,node01:18443,16ea56962a4fd0b4f1e127865eec7ab3640cdd12b2c3a6fbe62fb6235b622d24
2025-10-30T15:15:47.259519+00:00,25,node02:18443,4c9ffa8fbb0fb423c16ccf2084fedbc5cf3594b1c7d2bae95275091bd19e8934
2025-10-30T15:15:52.586978+00:00,26,node01:18443,50176766e38bd4bacb8a84c87a441e9de7912eabb386607dbf845723d212698e
2025-10-30T15:15:58.087983+00:00,27,node01:18443,4257d0cc980f27eac89bfd7de0c69bd315a49b6eb85774ab7d0c9442190291b2
2025-10-30T15:16:03.558929+00:00,28,node01:18443,5d9050b4a8d62736d4fbd8b3fa355e5966fde65d859d6210ce458fa6edfd2f7a
2025-10-30T15:16:09.080629+00:00,29,node01:18443,124eee9dda097d994b86d5a0de02a2d16e403f5407a7db87012789c6faa42679
2025-10-30T15:16:14.591400+00:00,30,node02:18443,5b4b5dae3abcd35c7e09e9973720657f30785fd44353478ab8f3e3041d46cd58
2025-10-30T15:16:19.820053+00:00,31,node01:18443,68ebdf41806f78748bb75a4c6939c45bc349054d1ade3351fec86e8c78bd81ac
2025-10-30T15:16:25.365153+00:00,32,node02:18443,6414a254c425333b0f67a628ab76ba083cbe98fddd93a151af641992ef091672
2025-10-30T15:16:30.877153+00:00,33,node01:18443,1beaeb8ef92e56058a6add20ee9d8640affece65d36136c382ae2804b6ca45f8
2025-10-30T15:16:36.348783+00:00,34,node01:18443,720a58114b6c632510a494d8eaca45ab4ab978d367d450995424bcfa26567f87
2025-10-30T15:16:41.838934+00:00,35,node02:18443,63074cfd9ad7ad42d42d43e0e00d91c521f421e3c5fb5c79c1bafd35db4f9893
2025-10-30T15:16:47.115082+00:00,36,node01:18443,3c7e285962b06327047462b435adcf17d5a3fc9d9c3d08c6aa0ac341c372cb66
2025-10-30T15:16:52.658979+00:00,37,node02:18443,4a8a266f64050491e180a4ce89ff2258f7befb6ee447c65c1e527af5805110d0
2025-10-30T15:16:57.888707+00:00,38,node02:18443,25ba40c6083e95b7ff1d8e034b4ed1fda04983fd63b0d3a9913df278caa75fa3
2025-10-30T15:17:03.109429+00:00,39,node01:18443,4f89e2e47f04c5f0bcfd313abb8283d2810bf4c49912c5b077dd5db5a101a94c
2025-10-30T15:17:08.639852+00:00,40,node01:18443,01a16612cf7722f7e670ddfebda9ff7fd4fc798e3dcfe1818d09103c40b83396
2025-10-30T15:17:14.168654+00:00,41,node01:18443,12a637e49317ab50a9fa88d0bf31af258049850846e4d0c568a9ffe538cc178e
2025-10-30T15:17:19.750646+00:00,42,node01:18443,53bbc78051ed6b4d72d356ed6cfd45dc89d111103d12b2aa381bfed16c164c01
2025-10-30T15:17:25.301010+00:00,43,node01:18443,66428a477294727f4549c822cc3b5f71aae09505929fcea917fc62add965273b
2025-10-30T15:17:30.834762+00:00,44,node01:18443,2b30d6ac6b6e00de84460df260733286075245699e98fffea0d5b743a8469b50
2025-10-30T15:17:36.355359+00:00,45,node02:18443,399f720101cc20d044498d16d032f4e2fcc87c9ae3b1a5b2d31b8604b5aab947
2025-10-30T15:17:41.574667+00:00,46,node01:18443,32f7c1207cf7942e2c07c41c451755a060f8b94f586e30c8abeb2bdbcaf43bff
2025-10-30T15:17:46.806705+00:00,47,node01:18443,61c046afd64357ae12d6a919aee5278dac04a40be2143a81048c7d3ef3f041eb
2025-10-30T15:17:52.361386+00:00,48,node02:18443,0ac78339697110e03492eb51210d884a5846d4d79445d2ae2ac1cd4b2a1773f0
2025-10-30T15:17:57.630879+00:00,49,node02:18443,63eb7b8860e0de42f2817ef60e9f21f29b97e0ae66b187c45f6710df6fd68889
2025-10-30T15:18:03.197709+00:00,50,node02:18443,62f23c6b0e5f1728573fa2fda6abae9bc2a93adc78180f31a9038f2058f26e23
2025-10-30T15:18:08.743474+00:00,51,node02:18443,6a37d79226e478511d221278a0c5bca951c13836a074ff4226d701b8642476ae
2025-10-30T15:18:14.282402+00:00,52,node02:18443,251129064fa50b274e9b54de3e45c914766041df7525832fcb4fa254dd32ea99
2025-10-30T15:18:19.535133+00:00,53,node02:18443,41da4c0f75eb0187de72068dc74fadfb5ea350fa9eb1a0e3e5a0627c5f98c109
2025-10-30T15:18:25.086117+00:00,54,node01:18443,7809644c082ebbc0ad9fd44bb9b97148d073f8ac7b7a15a9459bab6e30854039
2025-10-30T15:18:30.585792+00:00,55,node02:18443,32f34925f823e34cb8eae0702ae19187e05e689acbf2be4a7178923ce1c2410e
2025-10-30T15:18:36.149233+00:00,56,node01:18443,7d456878eac13a2b67d2be2c373da8afaade8c3ea97c454050a7bf2035914255
2025-10-30T15:18:41.716291+00:00,57,node02:18443,4aab9b256a8811667bef90faefeb41706cfae53aeb5e5e932e634ae8b9f96fb9
2025-10-30T15:18:47.291090+00:00,58,node02:18443,1553ac06cbe39c047c35601eb6f89f1b56dd1c22d80460dee22d878dbe90fdb4
2025-10-30T15:18:52.832361+00:00,59,node02:18443,3b4e2322dad28b1ab0794cff2a4b091777eb5232836e08da4adba5e09fbd5c70
2025-10-30T15:18:58.067823+00:00,60,node02:18443,3d823d49b2beaebbc2109810a39e6a526d1c8788ebe90679e63bb7b1d97198b1
2025-10-30T15:19:03.574652+00:00,61,node02:18443,4db735a2d4ad32fc920e965eec2b8a031c2c502e981d5f3e9f32798d514fc4e8
2025-10-30T15:19:09.164582+00:00,62,node01:18443,2f9662e90b441fda58a63a0c6885fdd8afe255f3511891c8a0abf737d41837ff
2025-10-30T15:19:14.684488+00:00,63,node02:18443,1b8b38851f85ee85f8e8c1ca85984659035a95ac6605b4904335da580f48bec0
2025-10-30T15:19:19.917679+00:00,64,node01:18443,77d6bb67f5bcf15c719433b78cb66cf73a6d060ef8f64565ccc55920e74273eb
2025-10-30T15:19:25.160978+00:00,65,node02:18443,4ac46929d64d0b276b1dbdcee1504a05638954442356115d18577721aeb8a1e2
2025-10-30T15:19:30.378181+00:00,66,node01:18443,611e8e1962d69fefb331e4628a79a3c4d454203fe27080492164a0bab56e4c72
2025-10-30T15:19:35.589536+00:00,67,node02:18443,62fccde6172fb6276c4c3688a39d496aeef1d7d7cc8544fd7c71f475eb2b63e8
2025-10-30T15:19:40.869375+00:00,68,node02:18443,4951e06873f39d9a4dc553c140844d0d9a62e93179ffacb5e42e51917a405f5c
2025-10-30T15:19:46.159605+00:00,69,node02:18443,2b5fccc7afbd83aaf06e5a3eac244733863c16a5e5d4222bc53b25db16b2b83b
2025-10-30T15:19:51.731295+00:00,70,node02:18443,0ef9ea6649e3b8ef1f5a564f95ba6fd7076682ed67be7bd1bd58be5094e71b99
2025-10-30T15:19:56.970692+00:00,71,node01:18443,2315e4200f948d704a7e0177aa579645c8deddd12fe8fa7af729c992f725b27d
2025-10-30T15:20:02.190741+00:00,72,node01:18443,414c06eb32c9cb611ba087419149bfdf1d98d1557a466c1ee7263a463711b610
2025-10-30T15:20:07.741187+00:00,73,node01:18443,701335d38cd0397139fb3a1d935896b9dcb99e0cf4e3265aaacaf8b6c770e562
2025-10-30T15:20:12.986042+00:00,74,node02:18443,07335049c2fc5f3204aee7bfa7a35425567fbd477305e27c042c846619af5e61
2025-10-30T15:20:18.246631+00:00,75,node01:18443,2f59abd6687b6004919aa69d4555d52835171db178c55a5fe14bc9d3d0766075
2025-10-30T15:20:23.850308+00:00,76,node02:18443,223d484c9ef8f06dbae1bb8c42095e4e022894b66a1b2e6438d48a18eb949cef
2025-10-30T15:20:29.112129+00:00,77,node02:18443,0d94fbe73732ca81b9cfb044002d7470cc5ef872db026f43271a035ece4431db
2025-10-30T15:20:34.354527+00:00,78,node01:18443,5c431a3423951786c2f94d7a6d5c85cf02523b54b7336ebb1bd8329913a2bbd3
2025-10-30T15:20:39.884254+00:00,79,node02:18443,79cc57eabcb1ed301165f68aca996c72c0b7e452c0c523c4e9987d28d093ebfa
2025-10-30T15:20:45.108251+00:00,80,node01:18443,7e9eacf619e75cb8f6634111a05d14daf0b7e6d47c61ecd667ee66685c242954
2025-10-30T15:20:50.204739+00:00,81,node01:18443,60a65c8cec522cd49bdbfae4bc1d61f8e577de37044e1cc9e32abf8443d0f7e8
2025-10-30T15:20:55.259988+00:00,82,node01:18443,2572566889f21389b2510ee284479981c9276c068c1220728d453c4d0c6b6cd1
2025-10-30T15:21:00.362208+00:00,83,node01:18443,432fe4a353e2dd1b9aacd86f50a843fbe47cae6678b7204a852f5a84dc6f06ca
2025-10-30T15:21:05.372595+00:00,84,node01:18443,5db16deee32448ca2d5e3665b8d5d47e72a8693eafc5ff7b13c7118b6c0d9eaf
2025-10-30T15:21:10.374958+00:00,85,node02:18443,02b4d0d9283426f64ff0803c92df1467965a91ea9313e5609a6f8b16e9fb03bd
2025-10-30T15:21:15.434785+00:00,86,node01:18443,6828c9abda23b44594b45d5dac2394f65f0f270b0d70534e9144ca89404ef7e9
2025-10-30T15:21:20.548107+00:00,87,node01:18443,425b956e3b47a1bcd9853e0458f48dfb97a189b923569f9425222ff3500e3856
2025-10-30T15:21:25.570954+00:00,88,node01:18443,5f36cc41e71d023bff3fee92a878a9755c88b9d8c66b53a460dade682c0e33b6
2025-10-30T15:21:30.687439+00:00,89,node02:18443,753cad0370da8fdc41f5cdd8d616f43c808e2b5436ed4d54505989fc7ea6a854
2025-10-30T15:21:35.716576+00:00,90,node01:18443,5ba30b3217c319286aa532a9ad8c48e522039449a820d42b175da262776cd7bd
2025-10-30T15:21:40.820012+00:00,91,node01:18443,610478696dbe7285c9cd13f68e21aeb3c4ead03218d2be4ad3a8248f99a797f1
2025-10-30T15:21:45.859137+00:00,92,node01:18443,5c5b7bb666a307f8ffca3d5c1f326fa1a8695701b87699973e976aee9686ca48
2025-10-30T15:21:50.924496+00:00,93,node02:18443,5373f3141c1dd38d07657c43f4b85857ec700c2ed3a7fa7fb95a78f7d760d678
