submit_ts_utc,txid
2025-10-26T12:36:27.736102+00:00,002fe026a49d07e42601c1d42f70d472cc5b3af741e50e51f60eb64fa3bf837e
2025-10-26T12:36:27.881243+00:00,fb8ebe6f8b9e31184830b5577c695f4c149fabf695b2e5b438ecc6ed76401b80
2025-10-26T12:36:28.030558+00:00,406ae8f8ce68d1a4f0779d75934da74cdb88bdeda4a41564b8a400b54c122b8a
2025-10-26T12:36:28.179946+00:00,77110830e6a6fcb65f92c82cae5204eb2c03b99ed62798fa9caf3c175faa3777
2025-10-26T12:36:28.333236+00:00,6be0782f99ac312065d55a3a7d164c160f8caec84a615646486a0bf1a2a88831
2025-10-26T12:36:28.486969+00:00,f422a74b87e90dc5bed3b2f7641512fe403c4adb2c451370cc492dd39dd58980
2025-10-26T12:36:28.639504+00:00,62d7fe1b01d4e1b7f5625680a2812b45192bf7d8a7bdf91cacb43c080ae34a8c
2025-10-26T12:36:28.777709+00:00,6a83784db65c495387a99abf90da973729607e1ee0ad30f1a2335c412ca9e10a
2025-10-26T12:36:28.924885+00:00,db883fc8a3964d777e68c61db62be0c47bcaa1ee81aa037a16fdfca25de70925
2025-10-26T12:36:29.073806+00:00,184a0751020ba8bd72a571434317654dce3dccebb69c00d65ecb2cb096ec2912
2025-10-26T12:36:29.228123+00:00,67345da9c354143b1b92c00eeb37f41cb11ad28b28e60c2e0472fcb1eb2d3adf
2025-10-26T12:36:29.375188+00:00,17d55fb13bc829f84a03e9288920f8d9974403130d2af3a711970730ad74d685
2025-10-26T12:36:29.535459+00:00,a959d46b56df8fa262db7ad7ecf51c548d2ab6950a58ee64f63020edebe29d81
2025-10-26T12:36:29.683059+00:00,836bf48727c89e886278089c56f9787d7c4ba85e0438b9bea09ac9b7f855ebda
2025-10-26T12:36:29.832360+00:00,e7acc9560743c87a695952de6f94fd6cafa3bf77fd0cbf9220a8583f827be21c
2025-10-26T12:36:29.980697+00:00,4599fc78fd53166707cf45627adf51ae79acfe76673bfa857b32d549b698474b
2025-10-26T12:36:30.132127+00:00,5ff9cf202c3d2f997724d5e0075695ba168590688c9cd014e46ba148def75026
2025-10-26T12:36:30.280131+00:00,418f04465206c84667c8a98749be5f1bbd4af0db45f02f23fe5ad76399ec9818
2025-10-26T12:36:30.426207+00:00,23c39338697c90c06943264798f6d5520ce2a84680a8e4b515f042cfb7f88caa
2025-10-26T12:36:30.572039+00:00,998f2e3941b42f83524114a5ae18f98fd9065593d97ee381338814ff618da2dd
2025-10-26T12:36:30.717235+00:00,620e43545b0f63c320618a462d9f82eaea890074b6fcedfb78cdc763b9a22a55
2025-10-26T12:36:30.861126+00:00,2e7bd960f912607fb428bf7d9bf2d9c832610742491af55dff0e0d7a8d5a005e
2025-10-26T12:36:31.009977+00:00,e111fe3eb25780f85ce897181743fc81a1b32a6b13aae3e9ff64481291a0b6dc
2025-10-26T12:36:31.158048+00:00,beb8779e6530e85f6c52520a6f4fbf1600b56c6d39b717f3aac3c968b7179a50
2025-10-26T12:36:31.296292+00:00,03ffb41182e501d97e2071391ba0b0461e8372deb41f192b9d659b30c795d647
2025-10-26T12:36:31.441320+00:00,a5ac46d27d62e5c1815ee08e029ef20311f8022b77de64959cfd7d0632ec90d2
2025-10-26T12:36:31.590227+00:00,7b70a64deecff3dfc0a98903ff7d2fb133d077dc7bbe4efa6de200c52abf12f8
2025-10-26T12:36:31.735701+00:00,e9f87cb348c204ad29ff957318cfed65398045cd9871c327c46d7365218388ec
2025-10-26T12:36:31.880264+00:00,2ea593b5b8fc1a6a329f23fe99a88d6416afda4410f5ce398680459540034525
2025-10-26T12:36:32.028235+00:00,d006b61cb485115b3105a22ede208b2d8f5abfae1cfdb7d18950fdcdc07cc3f3
2025-10-26T12:36:32.174212+00:00,66f818a566d62be45065d0c7bcc578d31de61f1499ec97b2ce087ae62abcb4a0
2025-10-26T12:36:32.320309+00:00,39facbdb3501e8999646a3b4bbc889dce2f3067e90128a57a9180abeecd243fe
2025-10-26T12:36:32.454308+00:00,f6f526a2b6101012ad48cae58cf3030ab4d09acd973a9827a1a8bde74fc68a28
2025-10-26T12:36:32.592801+00:00,acd668b1a1401b8f78635f9dcc35396ce0e48c7a3aad08b9c7c47fcec3e7eae3
2025-10-26T12:36:32.735734+00:00,41e3b014f09ba43c98cca0a50ba5d044e83455f488c5b7ab1226a7360d170595
2025-10-26T12:36:32.848777+00:00,de8eafbd4e1301d51d5572527769a14621c849bdbd1c606d5efa0c00206320c8
2025-10-26T12:36:32.968347+00:00,6557a801a6233dc0b9886288cd42aa172d24724593198dc05f1e87b0760040c5
2025-10-26T12:36:33.093446+00:00,1b4519789250bc581c9ccef1bfd2e0628cdbf712c5fb787ed3d44a14f9d20443
2025-10-26T12:36:33.215533+00:00,a2e0decf143dde5e41a9c25b5c82bb06a4fa9400d334cb53c60f817c558604f4
2025-10-26T12:36:33.338410+00:00,74383b8d91001dfbbe1fe0ebc2e56e936a91a2d3802f0408545a2df21c9bd4de
2025-10-26T12:36:33.468264+00:00,4e3edced7d92399ee7625562b892ccd5a1ab42a8936e8b9bff34f706dd4cf512
2025-10-26T12:36:33.598999+00:00,786d3051150ed484af37e0ea0b98252b9350f26fb641d9d5440f956dd70b31b6
2025-10-26T12:36:33.732034+00:00,d08fbb8f4f56ec334ef1888a74fafd7d1898a36db421b8ca6fb09403e1dd4833
2025-10-26T12:36:33.851966+00:00,a5ae4a4d01b3791eeaa83a2ccf0aeef3f3cf9e4ed105a32ed4fb6fc33f87d5f1
2025-10-26T12:36:33.979130+00:00,2477a7116cdd0718a925dae20e3b9a94fd314b54b0051871cd224dc9808d0572
2025-10-26T12:36:34.110983+00:00,3fc4eca44d06ccf330579d51aa7857055f20a0484d927d809314400defcf086b
2025-10-26T12:36:34.240526+00:00,bede862c0f106bfc5fd2bc88ea72549739b95d8429e89b303eaf840f53e7e129
2025-10-26T12:36:34.372216+00:00,28b28566493d963363fb555ea602d9045588941295c45cd4d237a1cbb7b96600
2025-10-26T12:36:34.493884+00:00,7de9b657ced1ca3cbeb076113f17432172f5a5d109f1d6eef8fb51c3f4b0cd9a
2025-10-26T12:36:34.622374+00:00,5ad13a54682a3a1c46419c3accba18ac1ac3a006b78186a84cdd6d7963fe6e6c
2025-10-26T12:36:34.747949+00:00,73bf9c91e8bde62c1eaadee156800e7681a0928fa208b8c73b42cb281344d7be
2025-10-26T12:36:34.872888+00:00,53be11f97c626ab0cc60873184f0b1455054d2a2a8c8602332b4a2295e3a85af
2025-10-26T12:36:35.000620+00:00,fc0ef75997f0ca848a536ae28cb26dd93dd92eaef379f8605bc05922a2013774
2025-10-26T12:36:35.135356+00:00,dd05e386e34c6072147e4ffc03fa5d45f326715b6df08dce34c87b8150b92b10
2025-10-26T12:36:35.264488+00:00,2f89c29636b35116e96a2192bd0ce4cf47fd566adae57d25bafc12b72d18b83d
2025-10-26T12:36:35.395853+00:00,3c00a6a4d94795e34b1fe3728f45ebd9c01cf08f73b3a59f1ad6831ffa9e07a9
2025-10-26T12:36:35.515751+00:00,0fc9a9fd11ed5700291315ada340a74b85754a087aa84afe5b1b444769a34355
2025-10-26T12:36:35.639831+00:00,1dcd044c7fcc9c45153b6e8588d6629e2030b2884fbfa5c349b3e65ac4badd63
2025-10-26T12:36:35.772030+00:00,b62d980aa05303195902c339f5e13ba71b664bfb50b42a2b22a013122070bbb9
2025-10-26T12:36:35.896030+00:00,5c4c34d549beddde461bd54937f6a01e293793a2c8ee36850407440cb7244f04
2025-10-26T12:36:36.027813+00:00,7c774ca4d15594135444997eb33b2e5f30a79051c4e6e7cdd67c4af195d33c23
2025-10-26T12:36:36.158576+00:00,7ebc9ab224e70b9b7846c89a491609f44a2f6c0214d6b9c4d4ad3e14eeb2550c
2025-10-26T12:36:36.293905+00:00,ff8a88cf5278464acee83f9627f3099f0dca6f1a8509451a75bdf252f5775113
2025-10-26T12:36:36.423477+00:00,7d86c626fb34361457e47cc52218e373c5a9e94855169cbcb999184f4ef40e4e
2025-10-26T12:36:36.552163+00:00,f7990332f44b68f83db03bdd642302d2efe8cee1f6089f93f58b19799acd892c
2025-10-26T12:36:36.678160+00:00,0e4800f878bbee108d0a49ba236fae202e96025e10a17788ad6d20fe719709ea
2025-10-26T12:36:36.809516+00:00,6f8dc9c4b2bd1ab18d6960055440e768d19821f60815cf16089335e192b40750
2025-10-26T12:36:36.945370+00:00,6a79325109ff75ca850a82e6988fae970a28f8fcf6dc7a9dc25d756df5c5a60a
2025-10-26T12:36:37.073804+00:00,1e5ca9bf83493fc08c10e8f22c1d8a28f9f30bbd1dffaad1db867360b6d2e4ce
2025-10-26T12:36:37.201458+00:00,562cef14f1e2f725c648a5407c4645b70dc1fa302898b638e4a4681403f27860
2025-10-26T12:36:37.336264+00:00,9f12131ca5807a37df090caab862ffbaeb9382a326f10370bbfe38763433427a
2025-10-26T12:36:37.469530+00:00,150d2ac2fa66da5471eaf352b5ea7dd35993f9527945ead31710b70845badb2d
2025-10-26T12:36:37.597368+00:00,dbe0da363ce4c4af0a8ecac578e5d0e29f870392411c30b8c46fcb6cac0f77b1
2025-10-26T12:36:37.722915+00:00,7512cd6ab209f5f2e0312c2a3d595991b581c533c61eef69497b786cadebfb3d
2025-10-26T12:36:37.839638+00:00,02b31cd892c8ae4db27bff141eaf5127a014f797ea85663b6959b5bc4b3969f7
2025-10-26T12:36:37.956125+00:00,e76d17426b5ce520082aae729c8e7e09ca3572fb956d2747cc8a674a34ccc37b
2025-10-26T12:36:38.075815+00:00,748a7da1ada790cef216cd0a4cc875631e3632301b5c53918c80a67f0ddae185
2025-10-26T12:36:38.197888+00:00,25481355d20c220b63c08b0e3f464badf78116f75f66dab5a815d701b167cf08
2025-10-26T12:36:38.317712+00:00,4a4df47db75583239ee87a59514c146c1c5d322483d1d958b2c620f20c5340fc
2025-10-26T12:36:38.434646+00:00,f45e4290b7f4634269a3431a78354862c258319b44e5bb7832b3a9a93f8afb33
2025-10-26T12:36:38.552785+00:00,15931ca0402e4f892586cbde2a8d888b9d7a3caf7640d55300342312227142ef
2025-10-26T12:36:38.671756+00:00,2b291160b758c8e685f0cc81f078eb355133f9da9b5297fc2cc90b71c7467f86
2025-10-26T12:36:38.787377+00:00,a7adec6c2f029d979b2aa7d565f3ecdae2892175f9e3ece4b70435f111a828dd
2025-10-26T12:36:38.903324+00:00,c6b34ea69ca3f3c5eb872c10f5a195531d25cd081bee7c6dbb0b12ddac232d15
2025-10-26T12:36:39.031286+00:00,f1b0f710470eb04b446fbdcfafee61110c950ddcb98a455439f726b90f890c31
2025-10-26T12:36:39.157167+00:00,e7eff7afbf48bca5114bb2f5e8bc7a38e8d29f89dc7a3938b889651ef33e76dd
2025-10-26T12:36:39.284262+00:00,50037863c5a12487f31819a30994f5f4f14ed35c6d9814d9e64fca40dc1ccbeb
2025-10-26T12:36:39.417133+00:00,4f8bd011b74c738e88a811a82fb0d580c5895e2f002a2ae58e048e043b8434bb
2025-10-26T12:36:39.550356+00:00,3ebbba7ef8549f4ae43ca3f196117938b1a90684bb4125c5a913477d321bf4d6
2025-10-26T12:36:39.689744+00:00,eec8fb8b05c1c54ac26dde95eae4fc2c4184fb39045feb481c0aa6b458557ffb
2025-10-26T12:36:39.808389+00:00,13876e1e312a06509733a106bb883e0d58332570c62cf4d312351328e91b4b6d
2025-10-26T12:36:39.938563+00:00,f8d975c395c261f3a92597e65d8b00b7425a9eb3e8c544db56e9cd1fe298a36a
2025-10-26T12:36:40.069611+00:00,a89d56ea96004986ada7e3454fe7faed40cb052ca6ab258bb03fe76209525eec
2025-10-26T12:36:40.203295+00:00,1eae3f212b15ab548637369cd2ccbf72d0d02408416dfa1b156ac0da4b32d0e6
2025-10-26T12:36:40.332739+00:00,e445ec2758836e17e8b543a1424f40220262d5532c759f7d9345fcbb97ce0982
2025-10-26T12:36:40.469920+00:00,29695bfe89201ebe93f7ddfd61f06afcab5875f24d2683a789117dab3da48917
2025-10-26T12:36:40.596646+00:00,64093904594bfd3bea336a3395a6851e2b0ab0f57be67ad7801d4b6004a7b4d1
2025-10-26T12:36:40.738357+00:00,5f83d89b84b3e3a44a75e1c06d997e6ab3b2837c51caecd91830c6e6bb25eacb
2025-10-26T12:36:40.863261+00:00,d49117b0eaeb5674e27293d5dbed3196e576691c7ff6fd2a5952122e6affed96
2025-10-26T12:36:40.993823+00:00,3182e981c9bc09d804c36acb0571c983157a364c20fe200b3e1dcea23498fc60
2025-10-26T12:36:41.122739+00:00,9d7c398eb8d2d0226ef37492436a5a3a041cb3faaefe3298de53c7499a2b9e83
2025-10-26T12:36:41.246874+00:00,2333874434280b2e91fa02933436e6e8ba9dac45da0e1acb3020be580d65fcbd
2025-10-26T12:36:41.363680+00:00,a71eba9404c50aee2ed48a245e11e58c0bc09f78c952dba7f02f2ff0108dcf2e
2025-10-26T12:36:41.483272+00:00,c2b1d7fbcaa27fe46c146e9c9a1b13e19e2b5067ef1419fa54e003db3f7a95f9
2025-10-26T12:36:41.604987+00:00,171b000869b1646eb94d8826dad8d544ff18674361893f76f42b2bf031defb51
2025-10-26T12:36:41.731958+00:00,670ec8553b31f184df172e32b11bd9ed0855312d6480b72d35d7a92ca08f84ba
2025-10-26T12:36:41.856848+00:00,12ba77e3ed13051e7eeaff78a24d4b9670ab8ac1115fd2acd7506318c9e77051
2025-10-26T12:36:41.986626+00:00,6547dfb9dbd5e3330a403e91a3650ff3bca1242f4a466405e7f0487cf21cbbee
2025-10-26T12:36:42.111191+00:00,635e2055277f53f0c60f1f427f88eb3b8effeefee2a5ec8f2f204c2a77bcebc6
2025-10-26T12:36:42.241030+00:00,12850b47e462f1dae07ce2aab9435c53921e1c7cb69d7912e05bb30c81c632ba
2025-10-26T12:36:42.377497+00:00,280b69cea01803d6025fe830e23c5a0800685df3d2bb87bd66d170e25a727a3b
2025-10-26T12:36:42.502402+00:00,abb42173f67b7a7039e8dc5b6cb2568f3f6a1b486b98c0224488df1f2486d791
2025-10-26T12:36:42.635885+00:00,4faf9afd106f4284c0821476036118cf3dc8e471fd8a923bd83c387e581f4a56
2025-10-26T12:36:42.765571+00:00,75960afbbd673078bcfb05628fc6a2a5be244931db98721e76a90e5a75156c8d
2025-10-26T12:36:42.943985+00:00,a3ac84de37b5f786afc2a53efba310b3431532f67f24f37f5123154651f134db
2025-10-26T12:36:43.060017+00:00,3d55c46b939154c3b8061926d4fe3167efe1421135254632441bd0bfdb344bfd
2025-10-26T12:36:43.176510+00:00,3485e3a65cc803c495e2df3556614689851ce488d39de9c6ed848238d5fc91ea
2025-10-26T12:36:43.294188+00:00,445665773972347cf6bd63382d7f88cafba5af915e18a680f8b980fccde17a6a
2025-10-26T12:36:43.426978+00:00,b88650d60390117eba24dc707ff6b6a48b0cc2bf851aa8a0f8470d976b072819
2025-10-26T12:36:43.556543+00:00,7ad97792f9cf4fa7a78c41c6f904965f242dd93984c65ab2a55798b6d8430f0f
2025-10-26T12:36:43.701269+00:00,f91e70cf3ad9a37febe7a8b9361ff2fa2fc32c0031d26765758e291897d62437
2025-10-26T12:36:43.836456+00:00,c722ddfbdb4e2fa61003658cda1dc95898b36a261b5fbb26aeb07d4a79118bdf
2025-10-26T12:36:43.978551+00:00,85cb5e23bd958dd57f753d3cbcfc93231732d48776741733522018274be98379
2025-10-26T12:36:44.111035+00:00,2ee114282d6a4f87c6659acbd54eb3d49e52138962e6c7d20adff659bda1cb22
2025-10-26T12:36:44.236739+00:00,1e40cc7baf7335ff0e40afcd2c87c9b9411329c9593eb48d75d089999c8f170c
2025-10-26T12:36:44.366558+00:00,63cb142efb548fe26475b04c487e12d0d67656ea1aba3bebab715c0a438e8d3b
2025-10-26T12:36:44.499981+00:00,2d7630dcf296b6fb435f7af0c54d025f14c8432e1ae084123b72441ca916b70a
2025-10-26T12:36:44.627976+00:00,eb7a0afbc9fe43ab944c974c605202170337a1faaffcc9c5c918daf0e0086bbc
2025-10-26T12:36:44.758401+00:00,3c39972d6a44bb6f19b581062aae66397b07cbe6d0538940c45f1ae3b134ed8b
2025-10-26T12:36:44.880344+00:00,2b25f877e5097af1915da93a44a1c68c70b30d0145ee7f904079785cb081fe7d
2025-10-26T12:36:45.015783+00:00,673938ca9e11c871674ebb4f979ac032e15b04f93dadcb654f47d2f447312da6
2025-10-26T12:36:45.144855+00:00,eb2e1b0f7fc91bedbe05da236bade5a9035581aecb33a345311b80c35af6e5d6
2025-10-26T12:36:45.278680+00:00,eddb133e82af9a5d325a05a2aa7d90cc08cb9487a7358ebf844ce50c9d04c588
2025-10-26T12:36:45.412214+00:00,cf339afbee49f7448c7723120f1d449c8f53208f4127a7045f1c621597477a33
2025-10-26T12:36:45.528949+00:00,f0de056f3a9433c7cd0eac6f1df584b405e3f279e757f1d254127b535dbd7dbb
2025-10-26T12:36:45.658481+00:00,66a12b710eef292745b2f290d2939c395599262a619130ca4cbf5717256a49b0
2025-10-26T12:36:45.782128+00:00,81039a64877a575d904ca8b811434f5a3663c73f8eb462c9e1540686f711ffe6
2025-10-26T12:36:45.918132+00:00,41ecbc92e99eb602feb860222eb7ec028194e0824b1daebd67cfa5eab00d88d9
2025-10-26T12:36:46.044411+00:00,d90754cf30c01ba9755d8f421d28e0661e20d1e57a5d99b4b34fe74b3e6eee07
2025-10-26T12:36:46.174353+00:00,18b57a349930be2214932be7fce92bc6bda5688e95c8b6178551c0b36ed66612
2025-10-26T12:36:46.307107+00:00,b7367e79d325e3a9c35fbaf7284654eed565329dfea8039765635deec0ab7d5f
2025-10-26T12:36:46.434267+00:00,6c471e46278bab2c30acee16e9fcea9596b5428f2a63e2cba645e2b3439b3fc8
2025-10-26T12:36:46.562742+00:00,7c0480fbdc3d1dcd70c4e5fc3e1c649f7bad7481b6c1932d3f897279caff3314
2025-10-26T12:36:46.695851+00:00,e2c86cf09156bec94f4e9a4dc561ea9e6e16f2631f05d8164711dd6c7730b153
2025-10-26T12:36:46.845580+00:00,0a252bf9aefdb7aaeb879a43786eeb258249e0d68c87018b476fae251ebd605d
2025-10-26T12:36:46.974389+00:00,ea52f9bca4f8b5b8923f647638bec8d803bf5bd93ce3cb01c240ee979c8cd040
2025-10-26T12:36:47.103884+00:00,2a1b4df662fc78acaf034298fbce6a2c783c3d629b93683c2e84b9da211c8174
2025-10-26T12:36:47.238742+00:00,e215216a7c19915c7a35e3974fedd0e245654e69bc72ec8c924e1a6af742450a
2025-10-26T12:36:47.370138+00:00,613b518268c4d1d93983a8ac0f3faf3e4911dc7de38680b4aea410eb70fb1902
2025-10-26T12:36:47.499853+00:00,311b0a22719e1d635a44ad9090dd96868b55669a92bb657dd5b8d169d6ec2127
2025-10-26T12:36:47.628880+00:00,46c68545196e4678f8b3afd6773b37c9b055a73383f2bf1c41e89d1fd199d4bf
2025-10-26T12:36:47.756605+00:00,cf193453d0d5e3ae9b0f4396001de99080feed0eaf6b14842505756ebc5c7642
2025-10-26T12:36:47.893831+00:00,aded1cd266c45868762ad62e59b6c4d12508331bf4962b2833b39736396bf7f1
2025-10-26T12:36:48.025541+00:00,88ed427923866ead3a3fca55b0e3af8ff3905a3357c655111e23103a6f9327a8
2025-10-26T12:36:48.148055+00:00,ec8b020de6a80c5e830a7fef41301dc5dc613b6de1eccf14808180a9d0ae92cf
2025-10-26T12:36:48.267839+00:00,ec664df9ca168aa55a0a5418d522ae0d76061636c160dec955adbc96a6c70b85
2025-10-26T12:36:48.395412+00:00,24f4d077230351c4092407d4d4c23143e119d87993100c089e5d8e24d0b66d6d
2025-10-26T12:36:48.524405+00:00,c0e8c83ffa4c3fc1b65b380eabdee75e3c98855efdef3f352c728bc9d0016bca
2025-10-26T12:36:48.655831+00:00,37af11ec7ce378821d8f7825fc6d9f0e9e81df8c941839f046d7f1bceb938207
2025-10-26T12:36:48.770596+00:00,059425000cfd52e9ebf951d12144d03722c016317c54d6c9f1f8ecfa33370494
2025-10-26T12:36:48.897223+00:00,8f99b1a83ab0db29f77cc4cf51f92889cef0bfb2d39c0fc0b45cf8a5818b4b57
2025-10-26T12:36:49.016331+00:00,af225e4d628918e5791f637c5381aa137c8fd6432d978b9863059e10b78d9b2b
2025-10-26T12:36:49.140464+00:00,1bbb62d6d1033701639f50170d9ae9b6ab4ab6e304f7996c98330b5147aff5e0
2025-10-26T12:36:49.271919+00:00,bb8be5fa31159da12c9b4accef80f7588fcffde87df708486d47107838d02a7b
2025-10-26T12:36:49.399987+00:00,6e1f0484b74266a2af1549b8ae5ef9bb1b7a9aba8b820c7a23b028e0733b7941
2025-10-26T12:36:49.518840+00:00,29544952f27461e9e5421c330909be039b43006ebb4b49ed059ad5932079239f
2025-10-26T12:36:49.642944+00:00,503305e5b10b2e66172d99dc8d0699c68f9b0d70ac4e4efd139461995e6ddc59
2025-10-26T12:36:49.767716+00:00,feb0fd4f1cb5cf066875ef9e0de6520039904abcb320a419c0c152ecff511bdf
2025-10-26T12:36:49.892908+00:00,10cec3adb541cbfb6f9cde6c9d3f9277eb8736289102bb4c5c9786cd44c61619
2025-10-26T12:36:50.025510+00:00,17e673cc5c1f18bbeea91da4534c72553db922a911c14351d813867c8300123d
2025-10-26T12:36:50.142303+00:00,7d83a958ffd17828d7b6fef90c7543a81587c46ac93c16145c7417b062352904
2025-10-26T12:36:50.263631+00:00,8859e62e81885a066d798d3ad603f54ed868e2e75b67eabce8b9ea1bbd6f185b
2025-10-26T12:36:50.393088+00:00,cf7209f43f5b1b70189e66f63dd522418179070055b70e593853d427c8add22c
2025-10-26T12:36:50.520792+00:00,aa8e1061388d5fe82f950081922c5b69c4cdce3af56c0cc6d1ed10766f750899
2025-10-26T12:36:50.642118+00:00,33696652497cb6dfdc7b35f43712e8a9a0b6d69aa4a4b7637e18efee5cc9e5d6
2025-10-26T12:36:50.765131+00:00,52df01b494e0ec85d257986e9104d5132093780b6abc7c9a228ca6bd31f86d90
2025-10-26T12:36:50.893642+00:00,27d5b82c89d9b30e931afa399b26fc0fa675051b8e495bb4023ee44482853633
2025-10-26T12:36:51.020318+00:00,218f754aacc668b14f81bfe3124170b85d81aff5b6ce82a73a7b4cf6380df321
2025-10-26T12:36:51.146312+00:00,1247a719f77d93c9365ddd25c51cc3ded8a3d5ff9e3bddf7900914d4417b1f8b
2025-10-26T12:36:51.263894+00:00,ef1b92e389cb318b7064301f54da0a39e1847e3962b479123721275ae18caf7f
2025-10-26T12:36:51.385836+00:00,4f16705019f606df6b1df653b01ce22914cda078dcbf526f4578aae9e8e59838
2025-10-26T12:36:51.502633+00:00,71705661a778bb3fcabfbe2b19109a3af23fadf558275aefc9d02af033cdf278
2025-10-26T12:36:51.630137+00:00,515e4b688b19b4d99f73539d1b553efffcefd42bff9ac21899292445d8e4a0bf
2025-10-26T12:36:51.758825+00:00,0551261fa762f5594925666f515cbdfa3c2cbb3612956e4b6673cfb6a54eb236
2025-10-26T12:36:51.899863+00:00,b03af3996f29a5ef63608a4256b7b9e71380bb836e0ff40ff7a6393fd695d7c2
2025-10-26T12:36:52.019546+00:00,04d49876fc1452c0c456044389d7cd356e20be97472e887ba861122073035c65
2025-10-26T12:36:52.139781+00:00,84194314d1d2c0b3b6d8130e6a555b4eb391adee0bb1ec5e946f502d13c5f8f9
2025-10-26T12:36:52.268271+00:00,e88d650b39ad5085ae9bf4b992224a5fa2337d29d367a314568a32e400bbf15c
2025-10-26T12:36:52.403607+00:00,ce036a74e98cddeedbf3fd093c8137d1b27282d09083c35b503a185dee0ea0a7
2025-10-26T12:36:52.530946+00:00,5d17ab338bfdfb0d5b90262f8293bc1a381a3079e4875595c3f1a46eb46cfc73
2025-10-26T12:36:52.662286+00:00,f7a03a92c8be0e4662ab316c2606152e3bbca7fcb1c57cf7bd1b4f1b3c46d0ad
2025-10-26T12:36:52.798503+00:00,d68f7dccdbf6429f9ed6796098390f9c525f35a50efa1cf33edaca03fe6b5eae
2025-10-26T12:36:52.931056+00:00,59022eea73a81890e7d043f2da1fad1369cce4156571198adfb8927b49193fa3
2025-10-26T12:36:53.061415+00:00,998e03c99e9a44d97bdd6a4895b9167b8a3e07b4b69e9d1175ca024bbc6d1713
2025-10-26T12:36:53.177840+00:00,f4a15b63453cfbd58cfb07d57a18f844ceed3fe9c74efc79a2f69df0e80867cd
2025-10-26T12:36:53.296972+00:00,ab0303e2fc05815cf90642a20ae2d148de683eb5f9cc92678be2d6fd4fcb5b3a
2025-10-26T12:36:53.424178+00:00,a34b8d2bed050f5d9813358bf4e4347474e41b0de688c33d4ef1fa934364203d
2025-10-26T12:36:53.559812+00:00,b7f2a254af38fead1610b174b8c2902aba40ebc3994dbb60209ab20c224372f7
2025-10-26T12:36:53.689749+00:00,33823669567d7a961b1a59b0db627eac5d304eec3406c0733c71769b3f45cc47
2025-10-26T12:36:53.802210+00:00,d56d074f366e0983a3b1c35a991b7f9eb0245c96e48d0ade0a5d1d3e2b58542c
2025-10-26T12:36:53.931146+00:00,8636f97c40c756bd6678040198616251520ee3e346ee9fcd70cbf1caa226f8cd
2025-10-26T12:36:54.064880+00:00,b46059b00d9122a69db7832a9afe60228ed2d0fae88586db4132e165547a58ab
2025-10-26T12:36:54.198235+00:00,a449a0b9eb6d46ad837d3ff65895299d1e98f48a30c4803a90fac00ad2d8c5fc
2025-10-26T12:36:54.335018+00:00,02b83d50bf9961fd3f52b9ab69598ed9ba0f24b39e378932b9c71a4c7ad4985e
2025-10-26T12:36:54.462641+00:00,70e02f045647b5da1963615c0d13e7c34160aaf07bb153d843964b28bcbbb452
2025-10-26T12:36:54.586649+00:00,2c8599cc05696b7188bf2000be2926172816f695ba02eccfbfc6abce404aa24f
2025-10-26T12:36:54.718971+00:00,c2a2251d205469fc7657dc2160a08068e683c65ad92d472a939d11d5ec8f88d9
2025-10-26T12:36:54.846009+00:00,8634f86df6be7c88ee4433b74de3ba404139622f7ac7591907cdb6ac35f8fe7d
2025-10-26T12:36:54.975597+00:00,42dc22a78be9cbee7975255b6e0dbf302da419aa38e8a3b2cb66801150068fd8
2025-10-26T12:36:55.107502+00:00,e430dedde3cf382cdf4558f33131fbd872538552aaee7b9af5222e273c87a438
2025-10-26T12:36:55.243361+00:00,ce7dfecbbca4c27743462391d0ae9b35b7256cc2e3619397ff017c3c65121d22
2025-10-26T12:36:55.373906+00:00,0437c305961b326291c704e199d5a73216572e149050c88dd498f2854aa0d51d
2025-10-26T12:36:55.499152+00:00,7f5d4c3d9013807968772aee4827a178cd78d94e28373b069b26ce0e8402ad49
2025-10-26T12:36:55.624327+00:00,993ec26dfe275e4073853b79685614cfb4c50cd26088646c0810a5ccdf4547a4
2025-10-26T12:36:55.753877+00:00,aa5191dc9f837bfc2eed1b5c5c702d6d4e85b87d522980b9b4f24b35f80974cb
2025-10-26T12:36:55.887845+00:00,08228cc51d27f65708e8589af7389c51644a361a78ef720b737f5ba730af44a7
2025-10-26T12:36:56.019951+00:00,9ec350807acc1345a21a69a4cd7b5332a72f8299f4794cedb6d9271c2ba77c32
2025-10-26T12:36:56.154138+00:00,cf928add1f9afad81e1b1bc4b6ef3e2eb1d02f541624587fcd6997f28dcc054f
2025-10-26T12:36:56.290117+00:00,b7980c961b030c76d843ea52e670da7d4619b2e40c3dbe4a793b6ec2ff7d2c69
2025-10-26T12:36:56.422093+00:00,7d72b37e1103368dd6ed77abcd892197933eb37da32a9cdbb886646dba4648cf
2025-10-26T12:36:56.541065+00:00,89424caa360743e5de9b7000fcf252fd900fe9a36e9691b728cd3fb00e7a97c3
2025-10-26T12:36:56.667093+00:00,a0b4137bdc897734308a867b2f678a4f79bcdf4ed4cf35cc63d5ebf7ac8f3e2b
2025-10-26T12:36:56.786767+00:00,a572227663b6e3c16b2a3ab4170eaab113a4fe761ea1b0488f2134edb8ed1107
2025-10-26T12:36:56.906687+00:00,fe959a0809a0c0814a61b9e49afd722ceef28df954beb3b225840a856dab29b6
2025-10-26T12:36:57.023654+00:00,2ad3d312f54566ece27302d430cb655176dc0976b6526e54dc2f6770c192c460
2025-10-26T12:36:57.143639+00:00,cdf998347ec32baa766c64423f26bc5abf8c6b661de29bcccecfebb438f9102b
2025-10-26T12:36:57.259783+00:00,d18566116fc8e91ee30c87fb0641c1248028e58b097b09178ce70bb598c64d61
2025-10-26T12:36:57.380747+00:00,0753f2d1f683614b674f46b74e7e62f912f080cf18e4dc991b36c26cc1ecf955
2025-10-26T12:36:57.498036+00:00,3b95f61410a1257f183654ffec75691984266dd7f3025b6130167cd2d93b892f
2025-10-26T12:36:57.616056+00:00,307a3c4bfaa48edcd8c4e0552a8146ab29075bb361b89a4e9c70e4df0a148a07
2025-10-26T12:36:57.738031+00:00,c07d0e18a79f3af6d340accb8eee203536e928e31535d021db68342d444bc477
2025-10-26T12:36:57.862239+00:00,4e5dbd8aa79e5c3a5d85c2755635cbc28f6e23fbd8fe596734432502e8f4ff7d
2025-10-26T12:36:58.042833+00:00,dd5116a310cc156b4cb4b9c4c652518af9ed16b810de708b635d3d5a7f5f6bb0
2025-10-26T12:36:58.210669+00:00,7992d5dbcdaadcab6a013e88a15e9003afe529fe6c02f9453cf225ea8e21f597
2025-10-26T12:36:58.420526+00:00,94e8bcb0e2c5e3af0bc0b639e9c195df4161872583c3ae9117c8d12ac87475f9
2025-10-26T12:36:58.590363+00:00,672c8756939f6f1f6383ac52702247963499a6c0056f5a524f7917db23534295
2025-10-26T12:36:58.765816+00:00,911635ce539635001d9d8c0fbe68f189daa3abfb123f64fde1faed93dcc7b138
2025-10-26T12:36:58.931752+00:00,404af8674f13929dd9d5bd56c732d113227635169ed81ec4478a86d219eb755f
2025-10-26T12:36:59.097951+00:00,9ca6619d9feff0d041467e70ec55580c215ec535764e9333c3ebb5d66aaee3ad
2025-10-26T12:36:59.320677+00:00,fc5d66957554b3713d3b4bea1e8274bbf892d27f31655d1675b5689a970efd04
2025-10-26T12:36:59.498632+00:00,31e7cdca579ea037aa79c6f35e96004f520d164bf2d16c3c016d88443a3f0738
2025-10-26T12:36:59.663451+00:00,123c59e11724090ad6ce69e56c71604bf6809ba6047348613253f52f35737273
2025-10-26T12:36:59.833388+00:00,aeeab50909481b571ff10e5860eb33365abdf5f1f405ddae46a94838e419ac1a
2025-10-26T12:37:00.033978+00:00,169e3dc846e6c0587cb57e6cf1eb1eb06f61c406a84959cddcf05b355eb79978
2025-10-26T12:37:00.223896+00:00,9ee8c8f1acf6d1f8968c0ad408cef6435909435dc84fe14ffb6a7b578835830d
2025-10-26T12:37:00.414136+00:00,cc6cb1b535d7c7ae89e149fadda4039ab16859a4a8ed9b53603e3b17ece06827
2025-10-26T12:37:00.593104+00:00,d07a2c57f6ce6f05a63a56086bc31729cb155ca5baf92aad5b438580f630f62c
2025-10-26T12:37:00.778008+00:00,7ae844d0a42debd75c36cf99337da3f6c4bec1a453948b27803659389068955c
2025-10-26T12:37:00.959886+00:00,677e7c1d72a11d2a6bc923a7ac2d8aabd87266d21ae34fb107d4d2e5532359ff
2025-10-26T12:37:01.150887+00:00,557322d3ae141557db4be1a58af02b7f0ea88e4ee1557f86abf2f83a4ca1b4bd
2025-10-26T12:37:01.320683+00:00,3e335cabdf1afd0107b5e8345c73e85e19f7adedfea99f4bb13f35e298dff6fd
2025-10-26T12:37:01.489432+00:00,825293e2b8f25933919e28f25eacc42fc8e30c04a064bd077a05982029bb522a
2025-10-26T12:37:01.687702+00:00,eac409cee75e39be5613440d75024444af7ca181a1386e19fa52b7d319390e40
2025-10-26T12:37:01.888751+00:00,d11fd1e17d8a09607bf36dcad3ded54d60ad4af258d00f1ac61b4a2b1423d31d
2025-10-26T12:37:02.078570+00:00,6182fd52646b7b724472d9a30b3ded692e4cc8d7d8d4295c662408333e26db2e
2025-10-26T12:37:02.266709+00:00,a2c814065b222b655aa7edf5de75225e60e608cdab7d6c428b483a69e9bbcf11
2025-10-26T12:37:02.465639+00:00,1e402a683ac254952052e9729970d344abc04c1e29d5df73db8085825d1935b6
2025-10-26T12:37:02.660684+00:00,7f28779b8e964358d104a8d644395613597868842d8f5ee87099a951bd5728a9
2025-10-26T12:37:02.845698+00:00,5717eebc0395df3f9a28b0f52b4456aa60c2a346a2a3a018d6be3b82b1a42299
2025-10-26T12:37:03.042965+00:00,95d196e582bf14435071f2dc7b7a4d9adb8e73a836759d5442851bcefad0b11e
2025-10-26T12:37:03.248542+00:00,4ac30e741f8b6cd20fb1539a84e768118977c7aeeb73ccd536d841a81e4f94b7
2025-10-26T12:37:03.444749+00:00,6e8cc7aa6cf0caaf0a80784dba1c53cc55654eeb415485e1c66743d124c2ecc6
2025-10-26T12:37:03.630249+00:00,5c0aa817b9faa454a1ea0b71eae4fada69e2876b5a0c262e92b0b94183b09099
2025-10-26T12:37:03.834938+00:00,90c8cb49814c9ff415836cb888830d38219af2b715865a55daf205a6c5d534b4
2025-10-26T12:37:04.023584+00:00,52003eb885fc26a1befa0aa014784cfae7b749e51fbd812c4d6cb602cb05393e
2025-10-26T12:37:04.227995+00:00,2f435b459d2e73a4318ead4e9ce418bceeed8a84743e7248498f2f0f2763be54
2025-10-26T12:37:04.422789+00:00,d64e9815c2265f8998685df1d0e23e59b1829d4650bf4a4a7ad0b5c30dda9c87
2025-10-26T12:37:04.613976+00:00,0e98203b9c4a11cf341894dd546e7a1db9cc61b627178a50a46fae578e7ca8b2
2025-10-26T12:37:04.803928+00:00,79affc404732b8cadd00cc1d175ed0fc8756f2516d64d94a9360dd9aa396878e
2025-10-26T12:37:04.999271+00:00,ede2ef1884322026b8ecd6370c9b5e44df18ad5e08a59054cf754cc97f3ae3dd
2025-10-26T12:37:05.198239+00:00,baa4941200d1cec427ea3554dd19b2c97512b61f0c5e19aa2f6e2a67e6b2e1fe
2025-10-26T12:37:05.390926+00:00,1f36db13346db1903d94333c27d3db74ca8f3020b7a4b74ab69410742bc07419
2025-10-26T12:37:05.568780+00:00,89f5ed12063b01bb9d561defeb7cb2d405d3c32de5644a9f9c968aa3ee7fa163
2025-10-26T12:37:05.771039+00:00,aadc25c1c82f604e471250088b1f7d1e4092460098d2e6c7d0662f84a302327e
2025-10-26T12:37:05.965854+00:00,9f5d4b9e8497f2005a0d8172d66ad30325fff2f3189dfb1ad1fbe2b1584415f7
2025-10-26T12:37:06.170819+00:00,23726a632873f2e7fc3654263cf140686356fc45254ac049ca990f67fd53382c
2025-10-26T12:37:06.339654+00:00,77051e72d480252aad90a0078f4e6263754fea5eda6865b2f168a010192602d6
2025-10-26T12:37:06.521003+00:00,1f58779b8c9ff5f4e0974f43b9e702fbbfda8c01c29ee0fb59a9bd83b807c071
2025-10-26T12:37:06.711924+00:00,66d7396b194f1d4124879db34b598a32a8f80676f0d5c2c0db5442eeb1967e4a
2025-10-26T12:37:06.911056+00:00,e895c8d7b5e974102a690ffdce870862783a42f28a5712c9fa6b25d4a07e3c22
2025-10-26T12:37:07.116566+00:00,865108430f6674075665e450c06791703c14ea3fe4e815722e2bb12c33614623
2025-10-26T12:37:07.317628+00:00,79291d4c464a80b395225b5f6d29c65c4932824ed9d031e3cbdf84f74cb11e81
2025-10-26T12:37:07.513434+00:00,57d56174274611f04ba374cd675f56d127c72f6e85c3d9374fd3f66937f3cabf
2025-10-26T12:37:07.712032+00:00,aee62dc8592c26e219c8a61c6da5e30d99105ea0b5d235bfc4fa96b0f772ad29
2025-10-26T12:37:07.910086+00:00,6cab566ab94536e94a30bced00911f3d3c5fe8eade83e430187b2e15f71c735e
2025-10-26T12:37:08.078711+00:00,2a7e839e31a492328744ad7fcc73840cf280b8dee5c46209c905b0ec18573a86
2025-10-26T12:37:08.262777+00:00,910b5d654e4558cf189d80d20b658b9aa6cb6bc78b800cb1e068e5c970ae691a
2025-10-26T12:37:08.468920+00:00,b8f89355029901de3c8e69b1f28c7dd2d0dd6ae8ef3f378b0dcecdfcb7fb8c76
2025-10-26T12:37:08.657708+00:00,76f3598b4d1304e2edf3d33c6cc93e971633a52ff250173aba709d0936943ac8
2025-10-26T12:37:08.820503+00:00,4b237d45c58abe948c8011faf1f023dd33a45e894c09ceb8846f898f9d50ba5e
2025-10-26T12:37:09.002771+00:00,d227be7619911db5e1d8562f8a99bfae427a12af6473439539298feec7ec90de
2025-10-26T12:37:09.181790+00:00,4ae7f3a7e52da04167a5c5032518e049f260d7d56d99d0a0e375d3419cdc4e7f
2025-10-26T12:37:09.390374+00:00,ff6531f7017a737538408933e56480e06e8f7e115c2854048a9787b7269e0a98
2025-10-26T12:37:09.595572+00:00,59832a985cb37bc6b90cb657d9b79e3f442c9fd49d9c873d6fd23ced3e85b4ed
2025-10-26T12:37:09.773975+00:00,1267d52b3c28b91d8e146d40018add582e654108e1271f719c34fd2f3c430f34
2025-10-26T12:37:09.956828+00:00,a50df0adbcdbbec776a1bd5326553d515d5e2a0e98d1752bb8a175a456da4ec8
2025-10-26T12:37:10.153124+00:00,8acfa5ca19444857c5ead337d7a6537f31e5a742cf159f2cf2764c8c3429df55
2025-10-26T12:37:10.352012+00:00,25e06bd512ee2da6274e1acc0eff15a706dba9f930bdbac403968d25e873da5c
2025-10-26T12:37:10.534862+00:00,96be2a34b6a136c3799415c606bdaabe76f6df89cb6773258252b2195b60a664
2025-10-26T12:37:10.726505+00:00,6495933eb533d00c5f9e178ce8e3374c0b4e8633e9146bb9205b2be05cd2b8d8
2025-10-26T12:37:10.929647+00:00,35f5f28f6f11a19b02e4303b8f943d1f4f39d997a25f33902ef5ea7cb48fb33f
2025-10-26T12:37:11.128636+00:00,5466c314302c63ee6504dbaf1aeef602fa45504717a16ef6614c876803123aaf
2025-10-26T12:37:11.296252+00:00,d4bb6c29587984f5d32919cb19ca2798a46106d62c2be7bbbe23fd15928786f1
2025-10-26T12:37:11.465240+00:00,c0a4862f3be4cf731fb01defba2a57857f6ee1af3f4b23238c92ebb23924b992
2025-10-26T12:37:11.646034+00:00,c12cbd492cbf88ffc67ab9bf76e9310588690e3e1b6a115b4499a8ef3ad9605f
2025-10-26T12:37:11.835776+00:00,e73a2a62ef4d8858092d90bdd9ab2697d9d38aea5fde5c3241243f78bb1e8a1c
2025-10-26T12:37:12.037032+00:00,5af0adc90437d4b60d1aa952a45b6667c22a36c3a8e7c7e5ba2ced04be34b87a
2025-10-26T12:37:12.243171+00:00,3f58c799796edd709ace2b76e4942cbf140cb74656d8f362a3503d1a790d776a
2025-10-26T12:37:12.443571+00:00,9b438b4cee3ef7726918695280f3689e4c2b5c68dc8823ed46d203dcfd43221f
2025-10-26T12:37:12.644017+00:00,6938ef80f850eec3e6535dbb2c652048acc9b1887c0e8d3c253606bdfe25a626
2025-10-26T12:37:12.850288+00:00,da86fe4e003827e3d4931411692d6775285bb5e50cce9acfdf30a39427436106
2025-10-26T12:37:13.047498+00:00,0fd78e2d234ff322f3258bea877c081cb2868d1a157c3643f63efe7fd5e77c18
2025-10-26T12:37:13.255932+00:00,922a3510beefa5223d5bedf53d6a1eb77056f1ff680c74621cdcfcc3ecd38b57
2025-10-26T12:37:13.452876+00:00,a33a3bb221059504ee07412261ac6e783bca802238aca26f549769ec1123f118
2025-10-26T12:37:13.652929+00:00,2df7b84b79a2f7847e34c60f8b5ce80708ae5fb164eb8c301376c866395fa24d
2025-10-26T12:37:13.850607+00:00,e62e545aab5511153881b9a2f91f4b3d5db70e08c76185f51b37c51857c24801
2025-10-26T12:37:14.026665+00:00,35436c15e68263b1c6ca9022d46cfc00c531b840c2685a17c1438572d5396f09
2025-10-26T12:37:14.214270+00:00,3779387bb4ded4cf83b68bfc93f6cfbf0472176892a6a61a0e7f25a3c3b44758
2025-10-26T12:37:14.400576+00:00,ae1110141f11619d90a63db2927bb2c8a5ca07a7e72ddad7946a1228b405dcbb
2025-10-26T12:37:14.581440+00:00,da15d9b28ad4611f5659335ab5e2a073caa340e6546ea54c2b80951d5b396001
2025-10-26T12:37:14.770867+00:00,286d7410abad3c06ba9fa6a72c6640941409bd23c517691b674d4093ce867489
2025-10-26T12:37:14.970817+00:00,74864e718ef9bad9aec2389776eec8551afc8b8ccec195a24d4b312a0b6db143
2025-10-26T12:37:15.173256+00:00,7325700b46ff30df9e3791227ef7ff5178fe9d87e33703662eecac919ffb21e6
2025-10-26T12:37:15.368734+00:00,bc64dd382d4cd232b5b21e09da8c0d054befcfa4e2efe79a0a06b11d658669c1
2025-10-26T12:37:15.543298+00:00,ef26619aecf6bbcfaa123e74a68bbb530462b32c991f54a333662566cf777399
2025-10-26T12:37:15.742987+00:00,d24254797771a78d84cb4c32c9f253953b0ff1e3bd624bd22108859373f0c680
2025-10-26T12:37:15.940918+00:00,ad4ab98c58a0b8f9b472f3634c8b5a1189720f0780a319e8080669c22f218adc
2025-10-26T12:37:16.141518+00:00,f0d9b6a96cac81fe9ae13e280a2f6fe4d83191a1cefa9248f6321002a32bb04e
2025-10-26T12:37:16.327731+00:00,a311013501eb035600e14e53e1c509cb074aaaed094f9aa114ef3f89706e6c53
2025-10-26T12:37:16.518998+00:00,3ff20dec6ae28395c5580250267af3b866631a9768409a439ca3e388bf129343
2025-10-26T12:37:16.723828+00:00,c51695f2ee25b77da1c9cfe95f69ef05053f359a0dd9dd822796e35ba964ac7b
2025-10-26T12:37:16.916487+00:00,e625d8821969277fddaaf6751235beaa52e29e6240aec92ce3ed49c4f2ceb616
2025-10-26T12:37:17.117632+00:00,74fcdc97ccb4f3bf6fdf3f1cc77415d6da102612cb4fca4cfebcacd5f21b0a2e
2025-10-26T12:37:17.312912+00:00,2a139d0f63906e2b475504f29a5f1b33870fd2b5917a3c54cad0a2fb9a74bf55
2025-10-26T12:37:17.512691+00:00,e2ee50427de52eb62ac58fb878dcfea73aae014e06fd5f521abd6d65cfd6cdde
2025-10-26T12:37:17.718628+00:00,8ca3ff219ae50fd487d4c301cd66513a7434ccbbbce50f007bf7cd7d621a780c
2025-10-26T12:37:17.906850+00:00,28a514da273594f36754e6c8dcbd8df4b054b7251e8c3d02f85dc3341ffe7e03
2025-10-26T12:37:18.096664+00:00,2809c31c12a89ca6931ea297519edb8ae3afd3929c5f2d32f903310fadf33ed6
2025-10-26T12:37:18.291545+00:00,81ed60d434a4d6e6968641e52412d45762300d36cc4800247dc1a3924aaea3e3
2025-10-26T12:37:18.497707+00:00,76b4dfc2cbc5563ff910dba0988378d219a3f5cf73c33caec68a6832f61925c7
2025-10-26T12:37:18.678810+00:00,73893ef019786ba90502b43336aee2ce01841865e401f4409e6c853035249505
2025-10-26T12:37:18.869778+00:00,02dabbc153e3ea723c77e0c48b9d3c4398472ff7853bd7b15b14228cb8802925
2025-10-26T12:37:19.049349+00:00,bc8ef21ed808aecfd69f72085a7ae7cad890bb722bddeb1fa6de8dd571783298
2025-10-26T12:37:19.242038+00:00,3fcfc5f7b6cb053f02c1b73b341c10eefabb1cb7afd3d465441cdf13ca7a4fe8
2025-10-26T12:37:19.447271+00:00,8a5648b87e5ecc3fb5d23d48a82afbbd67135d59da28b40b8f43140cecbf6b60
2025-10-26T12:37:19.622214+00:00,c5bda6e2b2626c1f7d298c09ebbcd89d259d14878c2254a5bfdb8f390f50a2c3
2025-10-26T12:37:19.809621+00:00,4cae1825cbdad8d58f7e4d602d5d7bb1556b416aa59158ed830e4c939c56dfdc
2025-10-26T12:37:20.011353+00:00,3182629cc2704d1212ae3724286c4e91683738ee46b8484ee1e02b3f0cdd8d7d
2025-10-26T12:37:20.214727+00:00,4ecf3dafee72633332750c8c3596d1013f8eac9c91d07f1a69ea3d719773fc40
2025-10-26T12:37:20.412271+00:00,12bae7e5520eeb029a866d7c380cb0395f12fc67da7f5ce155d4fab6cabd9b97
2025-10-26T12:37:20.590849+00:00,16eac5851f4b3bf3cba582aeb02ccb49570e00059e0e6d2e9ccdd6fd4bc01474
2025-10-26T12:37:20.783363+00:00,543e8438ded3655cc093edc836a3e0b969cdfb70b5b17973d213f5fd57caa8e6
2025-10-26T12:37:20.982180+00:00,561fdeab641bc94da14b0af8d6e1edbbff19a70c55e28a037f32862e9c4f4cce
2025-10-26T12:37:21.173188+00:00,46fcb69f20759528ca5a0e8b6eb690c9a5fae7c4f3b0955910e0095c4e92c68b
2025-10-26T12:37:21.360926+00:00,c38716a4e02b73571f8ef03b86da70873cc0c2648dd6d730d55bef09f3142b06
2025-10-26T12:37:21.525857+00:00,14b185083749c02ee47ae017d823ac2857c84eec0a73ab1ebddd08e09a628b70
2025-10-26T12:37:21.714519+00:00,0d1aa5e51365d6657a34ca22d8115c711d407a12249b3f42b18da29b35b8c307
2025-10-26T12:37:21.911451+00:00,8d3aa7f4716834110337145d7c7a52f10cd8a73cc21253d6eb1fa78fdc98ee4c
2025-10-26T12:37:22.106291+00:00,6f2d3e0de94eade1e7627bfe44a151a71002ba8e4353f29af20a390735904cf0
2025-10-26T12:37:22.307764+00:00,c20364d1e59ded25d8d4fb5597ae94126a11582db6dbfe787350cdecbaeb1725
2025-10-26T12:37:22.509029+00:00,0193679d1eba4d5b5523b0f7813a34c363d9e6569c9c8ac8531ff7f978b2cd3c
2025-10-26T12:37:22.705143+00:00,1a414616e661322a8a3446cfe42103b810a7508e63e3b00b4c680e1a3b483d40
2025-10-26T12:37:22.910670+00:00,439c59924749f11bafbab76d8e6774e3d94a24832ffc350de8f70a4a974b52ff
2025-10-26T12:37:23.112800+00:00,45107688f4a1114deaa3db2a6ab2fd3db84cb4d4861c69929118a81b17915905
2025-10-26T12:37:23.314944+00:00,f6599346c00f4b8907ae6a8d11d312aad192d713f373552c8d3442f358277065
2025-10-26T12:37:23.525691+00:00,51d8c18e607764d005b3299193913ac9b6fcaa34d32da41b4eaf4e826098bc22
2025-10-26T12:37:23.689585+00:00,618673162feb7eb8519f66b8e3b45f5c387c110de2128059746c72fcf5b8253b
2025-10-26T12:37:23.850104+00:00,d246d8162f412453b3506291a3d0b3c0a497aaa04d722188ae7b0f0e72ba43d3
2025-10-26T12:37:24.049140+00:00,d37fd79912e3d5b788e8a6f6fbb1dae5c68a61bf0e2a3bdb88e9edb84c7b3a14
2025-10-26T12:37:24.226472+00:00,17ec8cc1c3243e1736568c69caf72b3bc0a52d7f119bc0df971f9ffba5ec423e
2025-10-26T12:37:24.406896+00:00,7a020a067da578352a8a7dcd8e76203745b07e42c5f4c731e2621661cbcc568b
2025-10-26T12:37:24.591542+00:00,7cc1bf2f676f3891da4212e57508c67da8c7e4e21eb67006503cc80499a84b09
2025-10-26T12:37:24.795635+00:00,76fbda710cd73fc6a7261684035c2b07bb497b57ea1442fb75c8ff51406d1f68
2025-10-26T12:37:25.008803+00:00,d332e9d29e721bd0ce38b2f9ea8188751ec3e92cda2423baeef59b63c8710d85
2025-10-26T12:37:25.203946+00:00,bfed5e3937a7840a7adb93b33e5ecafe8af73a351e108056bb74f9d1dca9ef6b
2025-10-26T12:37:25.397863+00:00,24d5aad0d8bcf6283d29c509bcfb8314cb3a9d529905e43926229077c3941ee5
2025-10-26T12:37:25.572835+00:00,742100478069cb650da043bb24d9342c1ff331f15c628f3e7920a81c3299637e
2025-10-26T12:37:25.777440+00:00,47ba9e1457aa59875d05bb545ed4bbb72eac5df44a43e521def8ee660af2c91e
2025-10-26T12:37:25.977673+00:00,2ff25bc517f2b01db71d596e06060067972d144a227fed67c3d220f22d162cab
2025-10-26T12:37:26.188104+00:00,9c719c0eb7d6efea6e98d08a5e0aaabcb7ce2f3123e5299185ca364001d4872b
2025-10-26T12:37:26.391113+00:00,a894c798c6c5de52bd3fdc986f0c242d21e3cb480ea59a86b260945c50dd3f8e
2025-10-26T12:37:26.591437+00:00,f5af5d155ab8716423dbbcfbdc58fc25dc1d89edf85088ef9eda0b9b20bd7906
2025-10-26T12:37:26.795879+00:00,55f01d04ada9284a0d70e51d159b0c95b51dd00aa14019fb81e680a634eafc4a
2025-10-26T12:37:27.007244+00:00,de28f3a0c95e0790975db0e51aa8890891b6dff29452a18fbe2a135b7a0c6b39
2025-10-26T12:37:27.203534+00:00,e8ebbeac1961e8660c63efa082e60bfdcab7684c22a701bbebb5a68230cc6c2f
2025-10-26T12:37:27.396448+00:00,b6595b47553481cf349c8620854941eb39e35ee43c352ecd211376b1f94fdfc1
2025-10-26T12:37:27.595017+00:00,ed23569c84f317e69f74477e66eb97b363047eeafab4ac183c67387836dbb29a
2025-10-26T12:37:27.808438+00:00,1308b034246aae78e5b65e7f2107c924c02b8b5a317b96d1cbbebb82a391568f
2025-10-26T12:37:27.980159+00:00,c6e9c22a1bd683b4ca4d4f30829b6aa1b6dc4c64ca00e8b7828ac1ad15306513
2025-10-26T12:37:28.171434+00:00,8853c67f75e00c20f4e252226f5418058c8adbce07a923364b3254f4d33ac42e
2025-10-26T12:37:28.355356+00:00,3cb409d95d7d897fac37b69b4ccee76f0e62c88cb97d76c1449b5d4d5de821b9
2025-10-26T12:37:28.537300+00:00,acfe65cb6293e7c093b90c118cb1a7f24c22201b90f24acceaa7e71d69685854
2025-10-26T12:37:28.713248+00:00,c2b25542c50462641137836a65043d125e8af9faab7f476dc6ec1b1926666caf
2025-10-26T12:37:28.892227+00:00,b065a0b7107bbc0a217b162482ea0a2571af5834484a771d9522228df694b0f3
2025-10-26T12:37:29.093862+00:00,6001e46d31cf53ebc956b09e30acf9f3dba721cb3c51cac195abab5ccacb83dc
2025-10-26T12:37:29.277552+00:00,1e7de346a1f9fd57588e2aef4b5401be85dc32ebde152b265d3270b3ee7a8dd9
2025-10-26T12:37:29.469711+00:00,927470d52c8e57df75106e0b7ecaaa50f134a2494ea105bb5b58534330add955
2025-10-26T12:37:29.665156+00:00,bca51f9f73b1e8308f20df8f3f91f3fb4f7983780f632abb2bdf5fd0ccbe2191
2025-10-26T12:37:29.836430+00:00,b5f12a6d68ffa3424085637f30f213a0f5436024ddb53a9a8a3d952d1317c801
2025-10-26T12:37:30.029048+00:00,bbb78d7033c7776ac27d3c10057b5d868655d3e1623231f82273b08a169ee432
2025-10-26T12:37:30.221581+00:00,192a02c24f86928eb11651f7ead6ec18b320310ef5cdc4fcf8f007379cc1d9e3
2025-10-26T12:37:30.429077+00:00,11f641cc45a76da5969897b9bd0f7163e406146b43dabf9b02f9bbfacebe2f8e
2025-10-26T12:37:30.612729+00:00,5b7482e4b454b6ad82accd5c18c2bf5e8fe5388780e3e7131b2d7001b8d9824a
2025-10-26T12:37:30.806394+00:00,c8531dc2a53efad2b333b91ada5b30859f8b68f9b50b5ae0300ce24de6058449
2025-10-26T12:37:30.991308+00:00,452eb9fbb101c2f86b24939a616f4cdeac9683f6c4dac6cf386868b581531d5e
2025-10-26T12:37:31.198148+00:00,3ba94dca18ebd6511af6d401de19fc1d90295ae4cc6580053443335ed7dcb071
2025-10-26T12:37:31.365555+00:00,f34f68eeea845d4cf60e63acff6ee8c417f6f1bc1402f1593a7a9358bfa3cde6
2025-10-26T12:37:31.543545+00:00,7f2bdc88c10779558ab6b1a088bc015fe3e2f1903b3aa7ad9229e2cea8adfad9
2025-10-26T12:37:31.738082+00:00,77eaf356e080dfc8d98aaac30928d83178a8c54400a95f7464917b7764629f83
2025-10-26T12:37:31.940480+00:00,560f2403f484537f59042aea2be8e0f0d5c16bfc6dcb392333ca7278f061d95b
2025-10-26T12:37:32.130569+00:00,f8be8e1d1e2e2ae1e03a772216412e47cfc93c20be41754c6c46be5e72fad023
2025-10-26T12:37:32.349010+00:00,6c00510e75e70931b83139547890d67ffd11ceabb9d2a546e96ba1091125e10f
2025-10-26T12:37:32.529182+00:00,dce76021162f400d264296531c03ecc5968363f62012be6ea68f03b2d4baa670
2025-10-26T12:37:32.707068+00:00,bd9f8d6e159aaef37d88b0964925cbd7eade036e1719f9d98751bbab84443030
2025-10-26T12:37:32.885841+00:00,b6effa6989d16d1bd3f65231920890c50008b8b8c01507b9ed52ebec63a49c44
2025-10-26T12:37:33.074563+00:00,de7ff781fda205dc0e4869586ff971cfe0dfa7f366b516ca5aedda92b2e9e6b7
2025-10-26T12:37:33.278214+00:00,93fae92087c948d924a10f84708c181a97be12eef0613ed42fd5329fdf5d561b
2025-10-26T12:37:33.474488+00:00,d0d4a3daa5f7aeb003ac8d57188c27352095666de9a123fb7ce93bd31491cde4
2025-10-26T12:37:33.672524+00:00,7f0434723e2f6fcabab07372a868d65658c15e7b46f67f9d99498bc1ba98c310
2025-10-26T12:37:33.859191+00:00,2ac7974a8bfad9fbc76fa3fca35fc794402ad049db703467c8ac4f7174c0e2bf
2025-10-26T12:37:34.054025+00:00,d2c6e3612f9b3f44b4680729a254e7c42e9509af1ee1e43764c5e65250859001
2025-10-26T12:37:34.249282+00:00,18df48016fb04e671a48d17a3c5fa04885d45da48279d139a4faa3999ad584e3
2025-10-26T12:37:34.438379+00:00,de3c3dd5386c0b902fe29db6722ac8dea01fadbe40e2143c5eb755cbef578ee5
2025-10-26T12:37:34.624085+00:00,cb843c34899db6ae2aa03756115a7c1d2f55e428d918ce7ddc88b6aee91a97f0
2025-10-26T12:37:34.823510+00:00,b77249679d43d07ef0b6e13e9b5128ed042077e4f126e650c96ec238a4d741d1
2025-10-26T12:37:35.022934+00:00,42e7a5024bb4712822e2ba5cd45e644c6d769e68371385473388dc508baa1701
2025-10-26T12:37:35.218697+00:00,32750020b2fe1172712f134b67465416726fca12388ca18cc49a3040bcdf08f5
2025-10-26T12:37:35.425081+00:00,816631151ccca57fe7a28b9a622ec1c8a93b912e08c6817b0956ea9208e86169
2025-10-26T12:37:35.599043+00:00,05da4bb91b2aac627410a7e09d6892ab077b4199af750fd83100aeac62d0765b
2025-10-26T12:37:35.775278+00:00,b5118a3eb424683608159d2a08d63bee9d0349a7644ad75eb836642698fdbf8c
2025-10-26T12:37:35.978946+00:00,4449f905c439f059792bdcebfc44dba31287a139afcc0f8a2a7d17d1ff25ddcf
2025-10-26T12:37:36.191592+00:00,ddbf130b5bc0e1b3e02c6680e17603674a2e937da83b1ca7b1888208c915a61c
2025-10-26T12:37:36.388228+00:00,9e5d9caed64ccf8313ba84d0b42f458f87ad73f37592ec9aa6d095d1be42944a
2025-10-26T12:37:36.591549+00:00,91a194d26c3df4518a5624ed0cc6fcccfe870e1a4a9f7419a7f98a917649a573
2025-10-26T12:37:36.790485+00:00,0aa0761cdb081530b2262f05531ee0eecdd28106ce4907cd54097c9f0ecff863
2025-10-26T12:37:36.999264+00:00,45d6bcc59e022e039c773a5a4e65f1091d684a76aca2426e228a951902e40d1b
2025-10-26T12:37:37.208109+00:00,c888f0fae7d5cdb8403548bb95d64465d26483b3eac82b43a61286580fef22bf
2025-10-26T12:37:37.423217+00:00,394bae89c2b0f9f405e088afe3d60f46f1d30f85ea68302213b3af85f3d34271
2025-10-26T12:37:37.618377+00:00,9341ced6974c50dcb00954e46e9cdb71b98c5568104a88f72d0960814a34fbae
2025-10-26T12:37:37.808643+00:00,4d081ba41eac5e0baf81afaf39b62d85562185f58a458b968423d3b0988b9395
2025-10-26T12:37:38.003169+00:00,be226a813928b25b9c7344dc4bfcaad0f7a2333523cfcfc6adde0d812cc6232d
2025-10-26T12:37:38.204166+00:00,8bdaae4700ce64f68d8f27e481c50a2786ad9c7fcaec2a24f5458b6dbdad9cb8
2025-10-26T12:37:38.409775+00:00,61ec5b1aa49a68b4ed77c33f7655013eb99617cc04da462e99207c442af65f03
2025-10-26T12:37:38.591929+00:00,dede690944de11566074701d0c9768889c63a43501f4fafdc8f57136cb0cf880
2025-10-26T12:37:38.758351+00:00,f320fc828743dbfb51c6374b8072e63560ddf67d495f84b369fb48d50d5dbf5a
2025-10-26T12:37:38.934319+00:00,6882eb624db1c821fb7b585afff6c887df887613e20a4dce2951975723620681
2025-10-26T12:37:39.123159+00:00,0a6d8c8d2bbf7edf194cc2a2552b2ae9456ee897d429e5d93b5f08e7beef7272
2025-10-26T12:37:39.326002+00:00,a5e4aa2db617fa0ad9095110d78adb2db06d56f09d8d21c43fcfcc454f8bec91
2025-10-26T12:37:39.510127+00:00,ae5697de48690ce54ccad27e15a6223163f9256eb0c3b8c3a7fd00cf5d0b6e35
2025-10-26T12:37:39.709546+00:00,7526f05449f398bcbf8026407297e35aa286a9c8450b6f16a71a11fa318bda30
2025-10-26T12:37:39.897411+00:00,9c5a447c3d6586d6359e021b7ccefb089517a8026f04da503e1458d075071779
2025-10-26T12:37:40.102622+00:00,b4778ef8a888a9a5a244efce5e8604403a55f82096cb4cdef7ecf0cbaa90cf6c
2025-10-26T12:37:40.302733+00:00,77b8d5eee7a29d1b4ac161249197093d15c28d0a9e5c877c618fe03026a84602
2025-10-26T12:37:40.506340+00:00,99f5fc24f0bb3352e8134762c705dc7c793f5a184165cae5d3f20bcd757f20c2
2025-10-26T12:37:40.703155+00:00,f150db463b95de6cbd0692c48a967eb56943808bb2490d81e4229391bbe62453
2025-10-26T12:37:40.890738+00:00,dd645e8161a28b37f1faa61510ee70c4f9165bf40b1a43b81decaf030c50eb64
2025-10-26T12:37:41.085507+00:00,993d0c00fda554eb602799c78fbd4fb6958ef9aafff6b9871f7189fbdb58b638
2025-10-26T12:37:41.278523+00:00,3156ac0499561538871fec44bc9cc93945a847eaf4741a620bf52de66d7b2267
2025-10-26T12:37:41.459891+00:00,ef55447754d592c48ddf70444594e6cafc1dc12f20e2e37ddaa8da2684abdd9d
2025-10-26T12:37:41.635287+00:00,0dc777bdd5c8dc84fc45b266708628a7da555294be181221a78a1c7e2529d4b0
2025-10-26T12:37:41.840612+00:00,e6fe1a08c2dc30786e70cc73e5851eaefff35b08f148bf707e09f08de92c5aa7
2025-10-26T12:37:42.035383+00:00,e1bdae3175a1b281c1d4586f71b97c988fb62546fd986718473b65bc8cacb718
2025-10-26T12:37:42.258416+00:00,3c69222843e96c90a2f936b41d4b2f2c8edc566d2751078820a2d6254856c304
2025-10-26T12:37:42.452256+00:00,b86fc40cbe9cd8e80efc219d1a32da702b9542edd5d5ed1b8b8d66fc96bf0aa0
2025-10-26T12:37:42.664230+00:00,f3d7b320440ef01a5f6656954fbd92704ab71ce4a822808180f9107fc76fd4e7
2025-10-26T12:37:42.878583+00:00,7fd5aacc249e32e77a54c01343f279c2cee4d73b5be38bfcb8425c8ea3769d9d
2025-10-26T12:37:43.056086+00:00,706f52f4a923a9a81a60608ee01dd92298648028a6fd5c4d133fc14a85409d67
2025-10-26T12:37:43.244361+00:00,aa77ff78957cd4c7dc37e9c9df01b8507e5365e1eed9386443f31e0ffc5024c1
2025-10-26T12:37:43.447513+00:00,46d146ea74f16e9f942c79de48ecf77e214322a475bc1f6aa44c72374e28d6ba
2025-10-26T12:37:43.651117+00:00,9e7e07ffd6874b9684ac9e7c16051319167b4192631a6f73f372ed038fdff5d6
2025-10-26T12:37:43.855570+00:00,306f7db30f8e08fa4c82bcfb33a026b7f2ce4bbb2d30b8d9cfcee7e397454ce9
2025-10-26T12:37:44.073584+00:00,e3c5084969d00c64d655d81d94daee200ec203e52ffe0fbfe48af99ce72d3853
2025-10-26T12:37:44.271586+00:00,b4354660e9049ee7c318b76f4a03fa372720b1658fc32f9ae6a3f52de7409d5b
2025-10-26T12:37:44.468310+00:00,c0bc6ca1cc9c21a3cbe274c40350a43fa3e4835147bb17e22f3d2dad6c5992c8
2025-10-26T12:37:44.648259+00:00,db10061c7b490473251b3e268f07deb1cd9d890c18f0e7454cc21e743c8d233b
2025-10-26T12:37:44.840238+00:00,d487351fdf822bbe396f00b5ed13d9bfdd9ea67f96a11ced32e59e9f5819defb
2025-10-26T12:37:45.038032+00:00,46fd9ba01d512e910d5c09e8d6aaf619c3d87c0bd90abb2284811cc505cde566
2025-10-26T12:37:45.235150+00:00,a43eb4504a7e0ce4c155c863bbdd68ff848db6aa3dac38e79425723c18ecf88f
2025-10-26T12:37:45.433186+00:00,c42321714b7dac1ebd96018e22069ded1bb31dc000e78d05530ad5fd812134de
2025-10-26T12:37:45.636285+00:00,94e977a2cecbf4e01f3bf82f89980bdef8f541d3cd584d783b118c508e73ea01
2025-10-26T12:37:45.835632+00:00,0e8bca5603798dde0f4f3120ee38305044602690e84d55966c28db3ecd5e91b9
2025-10-26T12:37:46.046315+00:00,f439b1e4193c4c36350f03b6148e0c55d6faaba355db700f34af65068e732d45
2025-10-26T12:37:46.252953+00:00,5d84d3c41c21467ab9b73d0d4c03ceaf926428d4b6e3959941697e3dca4f9537
2025-10-26T12:37:46.448398+00:00,e61fe55d40cb2e7327da18ebc62aa33fd0004db6554d6f4e544891f1c823e99a
2025-10-26T12:37:46.645050+00:00,a588efb32f3e6866b38939c05abd0c549159a9c95b20ee148b648b5f72668ac8
2025-10-26T12:37:46.857559+00:00,05eaa30d83e0eb919734e081611318a110cda5ff08a1aa950ed17762da18c155
2025-10-26T12:37:47.046655+00:00,aa86500a22148189973b35d5d0ae8bd2e0c000b3f541ba66cdafeb18127698ea
2025-10-26T12:37:47.240383+00:00,ea41e2b0f554b3923cc90a568d78b358caa05858a3c3c5c5cb4d17cfef462db9
2025-10-26T12:37:47.454152+00:00,e791d858f28c161b8540d295149854da804f27f67b190eb408601813ec928b33
2025-10-26T12:37:47.651138+00:00,4482a4269b899f37a74aebece8dc31e6a124876542d68d72732fe249966c000a
2025-10-26T12:37:47.861086+00:00,a37a8dc13635ae0c5a7a71bbf508bf0afbb19d242385ae985b504bf10f233093
2025-10-26T12:37:48.062673+00:00,56ddf2be01ff198a32947ff8df18834947298e6f56f079f753f41266a38c1e5e
2025-10-26T12:37:48.258802+00:00,488a7b1b07be0b132700cdd9369d07e54c715819f56fcf0f792b7248d102a096
2025-10-26T12:37:48.470405+00:00,eba0ac6968c7b015025fbe8e85f518830709d66e68eb46a4caf3e50bc41b2434
2025-10-26T12:37:48.666282+00:00,fa0cf7f459c10b88e366203e30d465a2523ab4caf1edd6cbabd6f6aeb0a57e42
2025-10-26T12:37:48.830106+00:00,7be74da2f9b399b77501933da729fd02591a29ec6445f6bd577079baed021c31
2025-10-26T12:37:49.008761+00:00,e77bf5e41b0f419b704b6337e103da8b3e1150f8f6cdbc0251990fa08471843b
2025-10-26T12:37:49.194067+00:00,d170953455fdbc1e0e3ee05bf38a977daf1a9def1caa101763c4a45be9ae8377
2025-10-26T12:37:49.407027+00:00,bf3483aab54d38574cd6c2e3d3f42b0d5ecab3a30210ea4c5868c76f7f66ca1d
2025-10-26T12:37:49.607034+00:00,83ff7b2779bbd0d6c242dc9976ae4e7b6cf1a1cb1c473b6cff67d9ee1a3f2e2c
2025-10-26T12:37:49.785110+00:00,69432aeeeb960bcb92fc2d4e44f032b4c13f5e5c62bcf2f705a85bede13f9ad2
2025-10-26T12:37:49.975797+00:00,a1a8e7059ed750a0398bcd20e4a725af7b5e196b4b9b792eaf2957dc6de3b6ba
2025-10-26T12:37:50.182470+00:00,ad384126caf191551ae6d8e21900eecec678d6c05945ad1d5efd4caa4adabc86
2025-10-26T12:37:50.404576+00:00,acac033df368dbb02723c041499763fad7630d806b3012de352cc8ee19a633cb
2025-10-26T12:37:50.585563+00:00,720286f4ff9be21e776014c1aacfe0412f8c4b0c0635a80ae97b71f2226b41f7
2025-10-26T12:37:50.777318+00:00,5ab1c97a9a2b4335797999340cde23bd57176657d9edbd040fa06df08167754a
2025-10-26T12:37:50.968457+00:00,91b17a6127852b0f4eabda6064d502a080889bd6f01621bfd58d18518d336e05
2025-10-26T12:37:51.150824+00:00,8c9c63ee86000a9a3722ab306f3506d860712512f6ef3a0a75513ab50a98d74d
2025-10-26T12:37:51.320380+00:00,8a8ae33f441a89525a1868fa6e206e383bd632841df5ee042ef248c2300720d8
2025-10-26T12:37:51.503988+00:00,4755a6a278b017296fc3039a4db795d9b08512c819837b4249725b5d9a198260
2025-10-26T12:37:51.714240+00:00,52263170820be7ad40453f5b0cd87e6fe2852d93ef5f828bebffab3bd17e67e8
2025-10-26T12:37:51.923772+00:00,b5afa0aa25d2620002c22c95998c91df8ace0f2644cfd846214beebf82aad548
2025-10-26T12:37:52.110183+00:00,96f0b2218c01cd4ece0b080c5ab3e6e002bab4ebac4655bafa860471b81dc5c1
2025-10-26T12:37:52.307498+00:00,6efde9100cf80b4e524d4d9746c39b3580f7425c2a88ae5b3be8baef6467dcb4
2025-10-26T12:37:52.496070+00:00,30b4c18c2ca76fc42033153ae0bb19a014b8a1f9dc720961dc12d9d39886c49f
2025-10-26T12:37:52.698138+00:00,8054fb5fda79ebdbd9a1662155898ecca59771d93be3aada6767307b69bee9bd
2025-10-26T12:37:52.904974+00:00,54d85d0925cb960f7152a8d61b19bb5b46b031e1b846c93b540dcfc64d7a0e50
2025-10-26T12:37:53.117915+00:00,58ecee10f4696564d35d76361971eaf7ec39dc07bd64ed53de4e75b6ca681067
2025-10-26T12:37:53.328193+00:00,19b4cd1aecb29b906498858bc63fa08fb06cbc1520a3d1fe26effaf24c579ff3
2025-10-26T12:37:53.524149+00:00,044f5a8a9f98507072099a61399678f30ff1cf71d47611a447006b6f5de046be
2025-10-26T12:37:53.733290+00:00,39cdc78ea8410f32cd007ae0d1ce78bb794f7fa577968db95f0eba0eeba48bed
2025-10-26T12:37:53.898778+00:00,2919bfc394ed4d551b7c4b11219baeb9f1a685847553c96c0ce6092a3e88e990
2025-10-26T12:37:54.078156+00:00,ee29073df1305fcb597bc71f4fdfe7f80eb0777859fc718e7afaff730cc3f737
2025-10-26T12:37:54.267533+00:00,d1bfcfb88d3352784ae728075cc189595d2b693797e86b11d5137a3edbb5a667
2025-10-26T12:37:54.469750+00:00,0620b2043fdb62a72fa5c881f3a22c30d0775f951f842aac8809f80ab7d88783
2025-10-26T12:37:54.663050+00:00,7965d8112013b01c865f57487d3936747f68429ff2d55929af437fccef2fbbb0
2025-10-26T12:37:54.843744+00:00,57e9eb60f45d513140ec3e91040f2333a44d0fae0ff3fbf17156783a35769266
2025-10-26T12:37:55.055244+00:00,08b2e64a978d022634b6cc3fa8f5b4ca3e21dead1c9654047fefcf38822faadc
2025-10-26T12:37:55.254229+00:00,9564be966538e1fcc2cf947a7af3f8329ae56c63a16f4b13960adfb6b4c1c9ef
2025-10-26T12:37:55.448301+00:00,76e6055abf6c2e602ae914a2e0b58b6b1ecf6f595e122e4ac00b7da6ebabe3ed
2025-10-26T12:37:55.640212+00:00,d712fe63e26a395ea69db3d3a9f2087bc40db07347bd1e278e4f414a04552a74
2025-10-26T12:37:55.835779+00:00,3d1f6f23e72ee8d17de3dbad59f40d89fc733860cf13d80c766b8f734b759641
2025-10-26T12:37:56.031724+00:00,eacce34ae9664124dac37c6fdf5280f2133d52aba0d6ad704cc98ae634c54a63
2025-10-26T12:37:56.235246+00:00,d62f4a6c1527bad6a0fae41962cfaf4798b0a6197b82597622c1f7e98dad5b6d
2025-10-26T12:37:56.439029+00:00,d3138227331555de938dacb463b459814ffcbe5b619bfd7ba494968b8efe299c
2025-10-26T12:37:56.633748+00:00,3921faa7363ee792d155133d6a306a0a7f9f0351ea0de5bef53b7e91c8d47ab3
2025-10-26T12:37:56.835938+00:00,fd016da3579373655bcf78a848215b6419803d76b22c98ae5a961cf6b059268a
2025-10-26T12:37:57.037663+00:00,8af3d3f5da906d685e35d134221ff993d3c7db7e89a3103c234f2022bfe9b47f
2025-10-26T12:37:57.247241+00:00,2510cef1a930a444b21479e723beb4e15f4651b6b114bffc83b774ac528476c4
2025-10-26T12:37:57.447680+00:00,b30fa1c12bd7fd70a02c8d8030e4c3220faf40f54786e710284649da662701da
2025-10-26T12:37:57.656729+00:00,2a5e6431ed4104553db7ff823595046360dd92a14ba90cbbf2cc58ce2f72f57b
2025-10-26T12:37:57.844817+00:00,9cc67c1a7a511d37e3667cd32bc10188512a6b40a261e1fbb957123e39d0c454
2025-10-26T12:37:58.040932+00:00,07983cc13bac03eb51c0cdff21a2bdaa520fa1e09453e67bc2126775c600c943
2025-10-26T12:37:58.243724+00:00,1c0a3d8e24df22063fbb88841d2a29fb835b1d372d7ba5dd9e3248bb864183e7
2025-10-26T12:37:58.440235+00:00,04c555f506be15e419d643166a1b42b8d2fa6c611fecf4c8bfc4f7153a63ae72
2025-10-26T12:37:58.632014+00:00,e7c4f64c659e008a56c18c9558acca61bc6d8230e9d6be7d5a382900083acca9
2025-10-26T12:37:58.795606+00:00,1107e08c6341507821325187adebb54bb01dd50c38b07e785780c2b9df1e4b47
2025-10-26T12:37:58.971769+00:00,186ccd3cfc6a120f9476c0661c5099c76406152e28acbc69e8403bd19af8ffea
2025-10-26T12:37:59.239947+00:00,72e75ad056deef59a54ba016c9c0ea140a012fac6b5e65d67dbf4a7cc6cfdcb0
2025-10-26T12:37:59.420760+00:00,9e63fddb50b51cdf15b8e10f1b94004ebe5e2429f71b88a02f6625a5413c59be
2025-10-26T12:37:59.612126+00:00,f29e19bd6f2af7bbfa7f20ff66de07063f42c6a53365cac9f1366c708f6f7bb9
2025-10-26T12:37:59.799884+00:00,97f411d5cd45578cec6eaed1e88bfd94528f8b0819b631e3ab25daddb91db7b4
2025-10-26T12:37:59.965999+00:00,353c055971abafa4d86fee32052484f9d16c39b8f7b95c3cac47b35db98935b7
2025-10-26T12:38:00.139965+00:00,4c866cce82725a365db282a285f2d8366841469771c86e36ea0b17c5b86d5062
2025-10-26T12:38:00.291109+00:00,b2677ba0c897964cef7433da8676257e1f61ad9c4b9e77e6af5efcedd6d05861
2025-10-26T12:38:00.415825+00:00,033597e7658bfcf1f04b1716d95cf571c094cdcb009a0585cfe67f15c0126868
2025-10-26T12:38:00.553207+00:00,ffebf57bae3d8086be224af4accd6b94251011a01eaad8111fa6662740da1fc7
2025-10-26T12:38:00.723151+00:00,1f9fcb0ebb93692a414b0a42365691e5bad7e5ba66291c07b83d30e6b7602f56
2025-10-26T12:38:00.853919+00:00,766a2fbcb77e6f254fd27512cf9bf9fe1ff804d12d72da377f19fd59678cb343
2025-10-26T12:38:00.984162+00:00,a7057a8c54036ab7da87781a8f1a6d37cabfb59286658db9b065609655238cb9
2025-10-26T12:38:01.155122+00:00,16fe455eaa53243fe3d8c9a4fa7cd63a9cf6a20c664c60f94b1f4a77a669769c
2025-10-26T12:38:01.285323+00:00,718186fa7e45451a90f716b1a22ea210d52ea1e5e17ec8e080f1b07a3c688350
2025-10-26T12:38:01.411831+00:00,4828365c800bcf3eac14a49f8e60302810b4d95c54fcb1042e7c2ec64bd1c205
2025-10-26T12:38:01.538272+00:00,73f1a0c18ccdcb09c9ebc7cbcb38cf95b1979f21b744a3cce9528f41c0637024
2025-10-26T12:38:01.667058+00:00,329ce91736172cea0466bd0b85299eb8c7cd99c043d344ef27b31970fee4ddc9
2025-10-26T12:38:01.787918+00:00,b32297aa8972036da5715b33ebb52f46aae2b78cab1f7dd9fe2e76a5ed24b0c5
2025-10-26T12:38:01.918074+00:00,17ff4061acc8c4b400d2b88dee6e8c48eed21ba2fbfb09e7bf779cc10ebfce08
2025-10-26T12:38:02.052541+00:00,0f9561de1049387bf2ba2d4700d54d73375b983a9d711f2beceb2e3ae87ef67e
2025-10-26T12:38:02.182403+00:00,b14cdfb4fb72799f92c950cf56856d2070dbe90b66722584275fc0434fba41bd
2025-10-26T12:38:02.312112+00:00,0ecce3cd243435a58a5b4bb70180752e13113e3359eb9aeb8ca1d2bd2bdc584c
2025-10-26T12:38:02.451122+00:00,5f58e3d224dbfb5e321b8b6cc54ed66163ace38ba86d64b030d4276df2b3ee46
2025-10-26T12:38:02.591399+00:00,937d3001849c29c63e7ff00563f35d8a087bbc1d0eed859669c86251d4be10a7
2025-10-26T12:38:02.727474+00:00,1599e3b040e22d024ce0d08131fd90926357fbac4cd31e28fc0d694dfb35db13
2025-10-26T12:38:02.865250+00:00,6b30d0d4160e2f70f123de0084af4b255fd9cdf26182018f09e3fc3fd68d258a
2025-10-26T12:38:03.002552+00:00,de0cca6f91723065584eeea6011f8fc8a7419c780a014b868da921cc123aa5b3
2025-10-26T12:38:03.132270+00:00,83f642a9788db71027b21e52baaf9688a8b0a3a760be00b457c3d9c877eef815
2025-10-26T12:38:03.267204+00:00,6bea5c6fafde0d58d41ce49f19c808b785ed86351afd0e2c2feebc8ffed1dd97
2025-10-26T12:38:03.398127+00:00,e97970e0428804a064e8c0219f4418f2307318906a28ab1e764a1c65fc8629b0
2025-10-26T12:38:03.531976+00:00,36b5197e42bc8af24b724a280d80a1754a4d4f015338a9ed8883c989ebf9f5ff
2025-10-26T12:38:03.667102+00:00,a8c22bb3b8479bd8a77ebbfc682cdc5ead627f553557546c9a7bc10d87465b15
2025-10-26T12:38:03.806449+00:00,fcda02dc1d6bf9629b64c8ce0ae1a4b48d651e9d0307cd26bf8b8c229f41e1e3
2025-10-26T12:38:03.939029+00:00,0794f1ae1ce6ed0d2c088dd1c1d2389e2de28d7091ba6f504a3b33f18906a4e1
2025-10-26T12:38:04.073455+00:00,5b336f0e93ae6a812f2120b2c1cec9787cf8529158b7763d07903cc8fcf95210
2025-10-26T12:38:04.217237+00:00,59cb958282bf3c0c426be0cdb597fedcf098f93b8c78ab6dc8557e674d74f4fe
2025-10-26T12:38:04.349823+00:00,cc2a41b84deb266315c0dd2ab42360e4e330fe801f2f868f3c8d5a96fe0f9e19
2025-10-26T12:38:04.483044+00:00,5e22b5014c6baf5a74e08d4b0c269a0bdc5243b5c3060d9439a50067e556c633
2025-10-26T12:38:04.616580+00:00,cd55afc95fa93229bd6b5a7e55ae913fe70edcbf2dee5b0d1e95c3fd700ec9f4
2025-10-26T12:38:04.750863+00:00,8078abbee4b19255f1f0c222a4e04dfd26ee0d26dbde3af8891df77315b5779f
2025-10-26T12:38:04.877168+00:00,13226cbd6947d4443d8de1a866a095670a626445632194ed4d6d12abb0155474
2025-10-26T12:38:05.009624+00:00,c9aee46519cf6fdbdba30ba31a2957576ef478053b513faaa691c5c183e68196
2025-10-26T12:38:05.141024+00:00,2a8fa8d6f219e0bb9c389bb17a5609547e27122048d83c854c6b93f13bd271d1
2025-10-26T12:38:05.272115+00:00,3374ca877d75fbc959576ab182fd1a28569e6187a98107e53179268427113318
2025-10-26T12:38:05.402880+00:00,4c2eb764ba31b749f3488195d868e9243672b94352b1cccde722556162b94dd1
2025-10-26T12:38:05.537497+00:00,541f1f771832cc857740176789304484eed8fee0df11865dea0264f30cf5739b
2025-10-26T12:38:05.667344+00:00,41ab501c243dc939c55fb089268b669329fe09e1e4deba46d9fba226b1794d8f
2025-10-26T12:38:05.803445+00:00,b2d48de5f8b2eed2cf93ad026378d6ba7456f7a495b70272babb0a31663906c4
2025-10-26T12:38:05.935463+00:00,b83a436a4111661ac900fe3a9880a4ec872f1db9504c91e66c75c98e31438d5c
2025-10-26T12:38:06.073917+00:00,5a6facbc0fa3b1413d89f1d0902127045ae24510b2a4a5cd3f6d5f64dfa8b54c
2025-10-26T12:38:06.213491+00:00,50b56a4ac28f117311ced6d637fd22c427247469831774477c425c2b89695452
2025-10-26T12:38:06.343131+00:00,602e177c35c306b022d8b9010d5ff9314e4e3425a9c8bcc18d892b062b4bf10d
2025-10-26T12:38:06.469860+00:00,50f824bf159cf998c6c844743db33c4bc0da035a2941a833aa9787dc9cc12d56
2025-10-26T12:38:06.606961+00:00,d584762ebd93eb0906bf9beb8c7fcc9051d68b2f040bc553b4c40354222f20f3
2025-10-26T12:38:06.748023+00:00,c21e20f06abe3bafa32e4e199190701f0428b5cd2915c1dfd11eab5f0fa7a9a9
2025-10-26T12:38:06.867314+00:00,b04d5ec38f4150ef3ea0534b2569282de5732c2ac2abc9dc1a4002b35506e323
2025-10-26T12:38:07.020176+00:00,998e16b715a2cfc7d71aabb8b0b99edfdebfd20dc8be1d57dd4055bc125218ea
2025-10-26T12:38:07.159649+00:00,7d577729a9a72dd9f526bd839bb8be7d263f4db0ff65c84014e5b783c6260795
2025-10-26T12:38:07.295498+00:00,47cad7c39b3b904cc50bc30eb0fac111d0b03f98d93d39c087f0b07f16d8d5a1
2025-10-26T12:38:07.432259+00:00,0f382ccddaa8fc1b1e319712e54716ae02652d634a464537f28a46e618ec6677
2025-10-26T12:38:07.570859+00:00,63f3786fef92141aa9aede4f795ba31cebe788f910a2bcec8938253bb8ce6b5c
2025-10-26T12:38:07.700250+00:00,0af465e355fd87d86cd2961ff2db40478e4242f1366292721a498bf807efacc6
2025-10-26T12:38:07.839527+00:00,d34a1175bbfc3578d32b7a50c140b707526efdf49c50a4b969903d1e56e265ea
2025-10-26T12:38:07.981797+00:00,6077e721b54f6f787080875ca3f3a6d2665d31415a5f0d8f4b9cdb0c373e109b
2025-10-26T12:38:08.117223+00:00,c245e68cf42693a27f4d77ab5f3852f5c8a0ab2d87efe388c146eb0a62dba161
2025-10-26T12:38:08.249599+00:00,25c3aceb8bba21f657033843190feafa36efee94b69b26ca0b29606f223f5c3a
2025-10-26T12:38:08.381328+00:00,f6ba55c78dd33d4ac8044b89e7d9d68d28b247d30ffcd111231cf1f9ea8913b7
2025-10-26T12:38:08.515667+00:00,1125eb49dc19afb366446aae1a3ec5f4ef97d4e5c74c88b363405b961057350b
2025-10-26T12:38:08.648180+00:00,efed0278317bca3b47ee13b5534b559cc109aea1db281c82e4e5d6834c2e3602
2025-10-26T12:38:08.768700+00:00,509dae800d01e8a2bc3c4d93fe9b38073336089d31df9f86da958f31cef1c88a
2025-10-26T12:38:08.899574+00:00,b36bb0b4752aa1443a2a3cb71f5d9415d8ee5fa9819ff288c5669b1c62152dbd
2025-10-26T12:38:09.031919+00:00,ba198100631204c3db0bba993ed2c0ebe7b8da3118bff49b9ae32208f05f42f5
2025-10-26T12:38:09.176928+00:00,b432a8196a7d2f03d55838342e77fcab9bc323a6ae95f3581a66b3872b6e6493
2025-10-26T12:38:09.301241+00:00,454540b56aae667c7b567a037e8947f4ffbb1a1e5a82709afb52df006a85400b
2025-10-26T12:38:09.434068+00:00,bde1fe73ddd78c0b45c88424eebf8f44544b210f6470c893628d6dde28b86d8a
2025-10-26T12:38:09.573911+00:00,7d44d0c15ab1d475b39493b8535f30ad92da08d752bcc7d9ad0cc021f4fd879e
2025-10-26T12:38:09.706948+00:00,1c8168e1b2fe32b364cdf25a29e8a062331fbf9e2bdffd9e8cd3525f59f8c865
2025-10-26T12:38:09.833990+00:00,ff5f24e79a8e6e230afcd77d10e57c2f07f28cd72ad204b878c122035067cedb
2025-10-26T12:38:09.957726+00:00,e9362453d28dc7b4d0cf55c315507ecfb4dbb1abe2ba4d530336261b369a16b5
2025-10-26T12:38:10.089937+00:00,084f5f5923bb0463a6eeceb326692be3fefdf8cc6ac09bf9adb95367a72f2294
2025-10-26T12:38:10.216189+00:00,392acf7020f4ef238ff1a3ce697953dbdb1a0beaa9adc250dc54fada9bd82c21
2025-10-26T12:38:10.349490+00:00,f74f837a5d8855a6d9d7f5998be376004b4d8b5a954c402c4cac579593191d40
2025-10-26T12:38:10.485497+00:00,6ef716d9503cdb36e330912f6cf17ba8751e43ce232cc554b4b7fcce37799b5b
2025-10-26T12:38:10.615149+00:00,ffc5ff9bd781af8c66081d8b999c30416fb259b7dc66fc88f1e3889cf9a16c74
2025-10-26T12:38:10.742581+00:00,5eb61a3fadc15021fe996352bb7fcb1706baae48536c953747007006e7b2fe2c
2025-10-26T12:38:10.871701+00:00,10e356ef11cf2e52cad9576d0247ebba15e328eb94025c8fb1d3e015693af359
2025-10-26T12:38:11.004569+00:00,3f50e6d78c162bd31dbbcf37bd933dd8c4a0f99998a8f49dfefee06347aeeb23
2025-10-26T12:38:11.139242+00:00,334d6e67de302e99f1e8ede8d844fb8e470acdb3ab3c98b8ffadb72a09027c48
2025-10-26T12:38:11.270793+00:00,ac37b547f84765e51f624d40727697ea1d927356bc8e2c4067810d31cb4c0b05
2025-10-26T12:38:11.390667+00:00,b8117c8d7ccd184b7deba059ad4b277c05830d2d9e57c5f82704eebc1f75cde2
2025-10-26T12:38:11.518991+00:00,14946609b14871c695be25aa364cb1a12f2d0a51820d5ce29c9704c27d630ccb
2025-10-26T12:38:11.652589+00:00,071195b8ce0fc482e7f6f753723ed22cf0e0f7bc0aa968eea2ac9a6221f37b56
2025-10-26T12:38:11.787520+00:00,880f9d1ee53561d69fd96526d0993dcd781a3711152ed533c58b981d49637dee
2025-10-26T12:38:11.917780+00:00,6d019374b517651f7a780556a16a21ce842f3089954d4235dc939039c3edde96
2025-10-26T12:38:12.043992+00:00,77da0e1b770fd5dc0e986884ff79bb815344a73257c9f120a81388dd76ce9b12
2025-10-26T12:38:12.165822+00:00,5f0c9ba3aeaa3dbc1cd30f872829c3b861627e60caafa76d89c018634d1aaa94
2025-10-26T12:38:12.294169+00:00,f1ea1539dc10c87b9d9eef9e855b6233134a4c677f9ef80184a0b6bc8fcd85e9
2025-10-26T12:38:12.418086+00:00,b39893f72717b2937973c0f59b71911c2a1fb29a5619e24d6961ded144e59167
2025-10-26T12:38:12.549021+00:00,99a8095fffaf7d1f5c74a70aff37d1edec97ecf127016293833f713b8aed57b8
2025-10-26T12:38:12.672628+00:00,7835282e6de4cbcb92033aa003de5a9a3900eb1a7d2ef3c9d5bfb1a53d6fcd50
2025-10-26T12:38:12.795244+00:00,d28646d74e98b6ff5e30fec869927cb94bb4426cb4e4d43e025d879c0f3b2553
2025-10-26T12:38:12.927801+00:00,98aea131af7e50790d219a70421aad6851030e4de97d9ee32c68649e0b09e7b8
2025-10-26T12:38:13.054738+00:00,7bef9bdf285999e433d3857925d317e1797dfba07f0c75faed0f0e32592e1661
2025-10-26T12:38:13.176768+00:00,2e84b48cf7fd2b60440c365e52820630ea4d31aa0cc18c974653723030465aa0
2025-10-26T12:38:13.299861+00:00,448b32ac999e450da52dbc9c4a4f17dfda3c81f7622bab1106955bb4c3d47220
2025-10-26T12:38:13.419818+00:00,01883598d394fb8e2957d0ea7e528c3f4d10198bd1150ec8c7ad4e9a6f44fb11
2025-10-26T12:38:13.540804+00:00,6f273798328d85d0941ca2e0f932456dd73a285cd0ca2c6a8e76b56b817d78cb
2025-10-26T12:38:13.663933+00:00,414cd1b69345fd0019525f8ba41f35ea6d09ed61814e4c1ded4ad02fab60b175
2025-10-26T12:38:13.784750+00:00,b1f73cc50e0258d91a905d4f08715fc5ad0c3fbcf9741af90711fe9522cf6869
2025-10-26T12:38:13.907179+00:00,fb87f9918c9054d70581dafb65503ffc30cc9646fffc202bffd9beddc95d8c9f
2025-10-26T12:38:14.029559+00:00,aa48c8366e15691945ee377dbca596e44399d3bc940dd7f5717cb497499fb2af
2025-10-26T12:38:14.158072+00:00,117be5b86446bd7c7ef7f9741129948d33db25987ca7b097c9e579c04694c9a4
2025-10-26T12:38:14.283216+00:00,05c6b25817dd95b68727c4956c7d9301670bf18275fd25de9f2e362322ba8038
2025-10-26T12:38:14.404750+00:00,9e439c5e07c12dea9d0a7f6ae8a893a7f0dec717c63f46acac960984023129af
2025-10-26T12:38:14.531464+00:00,7cb2a453958ff7eb09cf062a580d14f51a2402d4225614e5b7d0f1774a73de43
