run_id,timestamp,tx_rate,crash_fraction,crash_duration_s,latency_ms,loss_pct,seed,node_count,total_transactions,mean_latency,median_latency,p95_latency,p99_latency,max_latency,min_latency,std_latency,throughput_tpm
20250906T090020Z,2025-09-08T11:22:32.538791+00:00,,,,,,,,452,4.603575221238938,4.6274999999999995,9.47745,10.98676,12.93,-0.951,3.157195662816808,47.91519434628975
20250906T090020Z,2025-09-08T11:25:04.578596+00:00,10.0,0.25,300.0,100.0,2.0,42.0,8.0,452,4.603575221238938,4.6274999999999995,9.47745,10.98676,12.93,-0.951,3.157195662816808,47.91519434628975
20250906T090020Z,2025-09-08T11:25:06.248725+00:00,10.0,0.25,300.0,100.0,2.0,42.0,16.0,452,4.603575221238938,4.6274999999999995,9.47745,10.98676,12.93,-0.951,3.157195662816808,47.91519434628975
20250906T090020Z,2025-09-08T11:25:07.912824+00:00,10.0,0.25,300.0,100.0,2.0,42.0,24.0,452,4.603575221238938,4.6274999999999995,9.47745,10.98676,12.93,-0.951,3.157195662816808,47.91519434628975
20250906T090020Z,2025-09-08T11:25:09.583108+00:00,10.0,0.25,300.0,100.0,2.0,42.0,32.0,452,4.603575221238938,4.6274999999999995,9.47745,10.98676,12.93,-0.951,3.157195662816808,47.91519434628975
20250906T090020Z,2025-09-08T11:29:05.188105+00:00,10.0,0.0,60.0,100.0,2.0,42.0,32.0,452,4.603575221238938,4.6274999999999995,9.47745,10.98676,12.93,-0.951,3.157195662816808,47.91519434628975
20250906T090020Z,2025-09-08T11:29:06.888109+00:00,10.0,0.0,60.0,100.0,2.0,43.0,32.0,452,4.603575221238938,4.6274999999999995,9.47745,10.98676,12.93,-0.951,3.157195662816808,47.91519434628975
20250906T090020Z,2025-09-08T11:29:08.597142+00:00,10.0,0.0,60.0,100.0,2.0,44.0,32.0,452,4.603575221238938,4.6274999999999995,9.47745,10.98676,12.93,-0.951,3.157195662816808,47.91519434628975
20250906T090020Z,2025-09-08T11:29:10.277430+00:00,10.0,0.0,300.0,100.0,2.0,42.0,32.0,452,4.603575221238938,4.6274999999999995,9.47745,10.98676,12.93,-0.951,3.157195662816808,47.91519434628975
20250906T090020Z,2025-09-08T11:29:11.947323+00:00,10.0,0.0,300.0,100.0,2.0,43.0,32.0,452,4.603575221238938,4.6274999999999995,9.47745,10.98676,12.93,-0.951,3.157195662816808,47.91519434628975
20250906T090020Z,2025-09-08T11:29:13.619033+00:00,10.0,0.0,300.0,100.0,2.0,44.0,32.0,452,4.603575221238938,4.6274999999999995,9.47745,10.98676,12.93,-0.951,3.157195662816808,47.91519434628975
20250906T090020Z,2025-09-08T11:29:15.285734+00:00,10.0,0.0,600.0,100.0,2.0,42.0,32.0,452,4.603575221238938,4.6274999999999995,9.47745,10.98676,12.93,-0.951,3.157195662816808,47.91519434628975
20250906T090020Z,2025-09-08T11:29:16.955974+00:00,10.0,0.0,600.0,100.0,2.0,43.0,32.0,452,4.603575221238938,4.6274999999999995,9.47745,10.98676,12.93,-0.951,3.157195662816808,47.91519434628975
20250906T090020Z,2025-09-08T11:29:18.673766+00:00,10.0,0.0,600.0,100.0,2.0,44.0,32.0,452,4.603575221238938,4.6274999999999995,9.47745,10.98676,12.93,-0.951,3.157195662816808,47.91519434628975
20250906T090020Z,2025-09-08T11:29:20.604843+00:00,10.0,0.1,60.0,100.0,2.0,42.0,32.0,452,4.603575221238938,4.6274999999999995,9.47745,10.98676,12.93,-0.951,3.157195662816808,47.91519434628975
20250906T090020Z,2025-09-08T11:29:22.389490+00:00,10.0,0.1,60.0,100.0,2.0,43.0,32.0,452,4.603575221238938,4.6274999999999995,9.47745,10.98676,12.93,-0.951,3.157195662816808,47.91519434628975
20250906T090020Z,2025-09-08T11:29:24.159340+00:00,10.0,0.1,60.0,100.0,2.0,44.0,32.0,452,4.603575221238938,4.6274999999999995,9.47745,10.98676,12.93,-0.951,3.157195662816808,47.91519434628975
20250906T090020Z,2025-09-08T11:29:25.844174+00:00,10.0,0.1,300.0,100.0,2.0,42.0,32.0,452,4.603575221238938,4.6274999999999995,9.47745,10.98676,12.93,-0.951,3.157195662816808,47.91519434628975
20250906T090020Z,2025-09-08T11:29:27.517551+00:00,10.0,0.1,300.0,100.0,2.0,43.0,32.0,452,4.603575221238938,4.6274999999999995,9.47745,10.98676,12.93,-0.951,3.157195662816808,47.91519434628975
20250906T090020Z,2025-09-08T11:29:29.178361+00:00,10.0,0.1,300.0,100.0,2.0,44.0,32.0,452,4.603575221238938,4.6274999999999995,9.47745,10.98676,12.93,-0.951,3.157195662816808,47.91519434628975
20250906T090020Z,2025-09-08T11:29:30.858459+00:00,10.0,0.1,600.0,100.0,2.0,42.0,32.0,452,4.603575221238938,4.6274999999999995,9.47745,10.98676,12.93,-0.951,3.157195662816808,47.91519434628975
20250906T090020Z,2025-09-08T11:29:32.539074+00:00,10.0,0.1,600.0,100.0,2.0,43.0,32.0,452,4.603575221238938,4.6274999999999995,9.47745,10.98676,12.93,-0.951,3.157195662816808,47.91519434628975
20250906T090020Z,2025-09-08T11:29:34.224802+00:00,10.0,0.1,600.0,100.0,2.0,44.0,32.0,452,4.603575221238938,4.6274999999999995,9.47745,10.98676,12.93,-0.951,3.157195662816808,47.91519434628975
20250906T090020Z,2025-09-08T11:29:35.911255+00:00,10.0,0.2,60.0,100.0,2.0,42.0,32.0,452,4.603575221238938,4.6274999999999995,9.47745,10.98676,12.93,-0.951,3.157195662816808,47.91519434628975
20250906T090020Z,2025-09-08T11:29:37.590344+00:00,10.0,0.2,60.0,100.0,2.0,43.0,32.0,452,4.603575221238938,4.6274999999999995,9.47745,10.98676,12.93,-0.951,3.157195662816808,47.91519434628975
20250906T090020Z,2025-09-08T11:29:39.262192+00:00,10.0,0.2,60.0,100.0,2.0,44.0,32.0,452,4.603575221238938,4.6274999999999995,9.47745,10.98676,12.93,-0.951,3.157195662816808,47.91519434628975
20250906T090020Z,2025-09-08T11:29:40.947195+00:00,10.0,0.2,300.0,100.0,2.0,42.0,32.0,452,4.603575221238938,4.6274999999999995,9.47745,10.98676,12.93,-0.951,3.157195662816808,47.91519434628975
20250906T090020Z,2025-09-08T11:29:42.658233+00:00,10.0,0.2,300.0,100.0,2.0,43.0,32.0,452,4.603575221238938,4.6274999999999995,9.47745,10.98676,12.93,-0.951,3.157195662816808,47.91519434628975
20250906T090020Z,2025-09-08T11:29:44.366669+00:00,10.0,0.2,300.0,100.0,2.0,44.0,32.0,452,4.603575221238938,4.6274999999999995,9.47745,10.98676,12.93,-0.951,3.157195662816808,47.91519434628975
20250906T090020Z,2025-09-08T11:29:46.055673+00:00,10.0,0.2,600.0,100.0,2.0,42.0,32.0,452,4.603575221238938,4.6274999999999995,9.47745,10.98676,12.93,-0.951,3.157195662816808,47.91519434628975
20250906T090020Z,2025-09-08T11:29:47.779877+00:00,10.0,0.2,600.0,100.0,2.0,43.0,32.0,452,4.603575221238938,4.6274999999999995,9.47745,10.98676,12.93,-0.951,3.157195662816808,47.91519434628975
20250906T090020Z,2025-09-08T11:29:49.489797+00:00,10.0,0.2,600.0,100.0,2.0,44.0,32.0,452,4.603575221238938,4.6274999999999995,9.47745,10.98676,12.93,-0.951,3.157195662816808,47.91519434628975
20250906T090020Z,2025-09-08T11:29:51.183681+00:00,10.0,0.3,60.0,100.0,2.0,42.0,32.0,452,4.603575221238938,4.6274999999999995,9.47745,10.98676,12.93,-0.951,3.157195662816808,47.91519434628975
20250906T090020Z,2025-09-08T11:29:52.865061+00:00,10.0,0.3,60.0,100.0,2.0,43.0,32.0,452,4.603575221238938,4.6274999999999995,9.47745,10.98676,12.93,-0.951,3.157195662816808,47.91519434628975
20250906T090020Z,2025-09-08T11:29:54.546543+00:00,10.0,0.3,60.0,100.0,2.0,44.0,32.0,452,4.603575221238938,4.6274999999999995,9.47745,10.98676,12.93,-0.951,3.157195662816808,47.91519434628975
20250906T090020Z,2025-09-08T11:29:56.222542+00:00,10.0,0.3,300.0,100.0,2.0,42.0,32.0,452,4.603575221238938,4.6274999999999995,9.47745,10.98676,12.93,-0.951,3.157195662816808,47.91519434628975
20250906T090020Z,2025-09-08T11:29:57.900505+00:00,10.0,0.3,300.0,100.0,2.0,43.0,32.0,452,4.603575221238938,4.6274999999999995,9.47745,10.98676,12.93,-0.951,3.157195662816808,47.91519434628975
20250906T090020Z,2025-09-08T11:29:59.585786+00:00,10.0,0.3,300.0,100.0,2.0,44.0,32.0,452,4.603575221238938,4.6274999999999995,9.47745,10.98676,12.93,-0.951,3.157195662816808,47.91519434628975
20250906T090020Z,2025-09-08T11:30:01.299042+00:00,10.0,0.3,600.0,100.0,2.0,42.0,32.0,452,4.603575221238938,4.6274999999999995,9.47745,10.98676,12.93,-0.951,3.157195662816808,47.91519434628975
20250906T090020Z,2025-09-08T11:30:02.970148+00:00,10.0,0.3,600.0,100.0,2.0,43.0,32.0,452,4.603575221238938,4.6274999999999995,9.47745,10.98676,12.93,-0.951,3.157195662816808,47.91519434628975
20250906T090020Z,2025-09-08T11:30:04.652714+00:00,10.0,0.3,600.0,100.0,2.0,44.0,32.0,452,4.603575221238938,4.6274999999999995,9.47745,10.98676,12.93,-0.951,3.157195662816808,47.91519434628975
20250906T090020Z,2025-09-08T11:30:06.338884+00:00,10.0,0.4,60.0,100.0,2.0,42.0,32.0,452,4.603575221238938,4.6274999999999995,9.47745,10.98676,12.93,-0.951,3.157195662816808,47.91519434628975
20250906T090020Z,2025-09-08T11:30:08.024442+00:00,10.0,0.4,60.0,100.0,2.0,43.0,32.0,452,4.603575221238938,4.6274999999999995,9.47745,10.98676,12.93,-0.951,3.157195662816808,47.91519434628975
20250906T090020Z,2025-09-08T11:30:09.698475+00:00,10.0,0.4,60.0,100.0,2.0,44.0,32.0,452,4.603575221238938,4.6274999999999995,9.47745,10.98676,12.93,-0.951,3.157195662816808,47.91519434628975
20250906T090020Z,2025-09-08T11:30:11.388811+00:00,10.0,0.4,300.0,100.0,2.0,42.0,32.0,452,4.603575221238938,4.6274999999999995,9.47745,10.98676,12.93,-0.951,3.157195662816808,47.91519434628975
20250906T090020Z,2025-09-08T11:30:13.070277+00:00,10.0,0.4,300.0,100.0,2.0,43.0,32.0,452,4.603575221238938,4.6274999999999995,9.47745,10.98676,12.93,-0.951,3.157195662816808,47.91519434628975
20250906T090020Z,2025-09-08T11:30:14.740957+00:00,10.0,0.4,300.0,100.0,2.0,44.0,32.0,452,4.603575221238938,4.6274999999999995,9.47745,10.98676,12.93,-0.951,3.157195662816808,47.91519434628975
20250906T090020Z,2025-09-08T11:30:16.426585+00:00,10.0,0.4,600.0,100.0,2.0,42.0,32.0,452,4.603575221238938,4.6274999999999995,9.47745,10.98676,12.93,-0.951,3.157195662816808,47.91519434628975
20250906T090020Z,2025-09-08T11:30:18.106339+00:00,10.0,0.4,600.0,100.0,2.0,43.0,32.0,452,4.603575221238938,4.6274999999999995,9.47745,10.98676,12.93,-0.951,3.157195662816808,47.91519434628975
20250906T090020Z,2025-09-08T11:30:19.788347+00:00,10.0,0.4,600.0,100.0,2.0,44.0,32.0,452,4.603575221238938,4.6274999999999995,9.47745,10.98676,12.93,-0.951,3.157195662816808,47.91519434628975
20250906T090020Z,2025-09-08T11:30:21.577075+00:00,10.0,0.5,60.0,100.0,2.0,42.0,32.0,452,4.603575221238938,4.6274999999999995,9.47745,10.98676,12.93,-0.951,3.157195662816808,47.91519434628975
20250906T090020Z,2025-09-08T11:30:23.266371+00:00,10.0,0.5,60.0,100.0,2.0,43.0,32.0,452,4.603575221238938,4.6274999999999995,9.47745,10.98676,12.93,-0.951,3.157195662816808,47.91519434628975
20250906T090020Z,2025-09-08T11:30:24.955042+00:00,10.0,0.5,60.0,100.0,2.0,44.0,32.0,452,4.603575221238938,4.6274999999999995,9.47745,10.98676,12.93,-0.951,3.157195662816808,47.91519434628975
20250906T090020Z,2025-09-08T11:30:26.640623+00:00,10.0,0.5,300.0,100.0,2.0,42.0,32.0,452,4.603575221238938,4.6274999999999995,9.47745,10.98676,12.93,-0.951,3.157195662816808,47.91519434628975
20250906T090020Z,2025-09-08T11:30:28.321264+00:00,10.0,0.5,300.0,100.0,2.0,43.0,32.0,452,4.603575221238938,4.6274999999999995,9.47745,10.98676,12.93,-0.951,3.157195662816808,47.91519434628975
20250906T090020Z,2025-09-08T11:30:29.990525+00:00,10.0,0.5,300.0,100.0,2.0,44.0,32.0,452,4.603575221238938,4.6274999999999995,9.47745,10.98676,12.93,-0.951,3.157195662816808,47.91519434628975
20250906T090020Z,2025-09-08T11:30:31.669602+00:00,10.0,0.5,600.0,100.0,2.0,42.0,32.0,452,4.603575221238938,4.6274999999999995,9.47745,10.98676,12.93,-0.951,3.157195662816808,47.91519434628975
20250906T090020Z,2025-09-08T11:30:33.347116+00:00,10.0,0.5,600.0,100.0,2.0,43.0,32.0,452,4.603575221238938,4.6274999999999995,9.47745,10.98676,12.93,-0.951,3.157195662816808,47.91519434628975
20250906T090020Z,2025-09-08T11:30:35.032308+00:00,10.0,0.5,600.0,100.0,2.0,44.0,32.0,452,4.603575221238938,4.6274999999999995,9.47745,10.98676,12.93,-0.951,3.157195662816808,47.91519434628975
20250906T090020Z,2025-09-08T11:30:41.425146+00:00,10.0,0.25,300.0,0.0,0.0,42.0,32.0,452,4.603575221238938,4.6274999999999995,9.47745,10.98676,12.93,-0.951,3.157195662816808,47.91519434628975
20250906T090020Z,2025-09-08T11:30:43.106968+00:00,10.0,0.25,300.0,0.0,0.0,43.0,32.0,452,4.603575221238938,4.6274999999999995,9.47745,10.98676,12.93,-0.951,3.157195662816808,47.91519434628975
20250906T090020Z,2025-09-08T11:30:44.779300+00:00,10.0,0.25,300.0,0.0,1.0,42.0,32.0,452,4.603575221238938,4.6274999999999995,9.47745,10.98676,12.93,-0.951,3.157195662816808,47.91519434628975
20250906T090020Z,2025-09-08T11:30:46.468857+00:00,10.0,0.25,300.0,0.0,1.0,43.0,32.0,452,4.603575221238938,4.6274999999999995,9.47745,10.98676,12.93,-0.951,3.157195662816808,47.91519434628975
20250906T090020Z,2025-09-08T11:30:48.155684+00:00,10.0,0.25,300.0,0.0,2.0,42.0,32.0,452,4.603575221238938,4.6274999999999995,9.47745,10.98676,12.93,-0.951,3.157195662816808,47.91519434628975
20250906T090020Z,2025-09-08T11:30:49.847081+00:00,10.0,0.25,300.0,0.0,2.0,43.0,32.0,452,4.603575221238938,4.6274999999999995,9.47745,10.98676,12.93,-0.951,3.157195662816808,47.91519434628975
20250906T090020Z,2025-09-08T11:30:51.543337+00:00,10.0,0.25,300.0,0.0,5.0,42.0,32.0,452,4.603575221238938,4.6274999999999995,9.47745,10.98676,12.93,-0.951,3.157195662816808,47.91519434628975
20250906T090020Z,2025-09-08T11:30:53.232553+00:00,10.0,0.25,300.0,0.0,5.0,43.0,32.0,452,4.603575221238938,4.6274999999999995,9.47745,10.98676,12.93,-0.951,3.157195662816808,47.91519434628975
20250906T090020Z,2025-09-08T11:30:54.917426+00:00,10.0,0.25,300.0,0.0,10.0,42.0,32.0,452,4.603575221238938,4.6274999999999995,9.47745,10.98676,12.93,-0.951,3.157195662816808,47.91519434628975
20250906T090020Z,2025-09-08T11:30:56.599110+00:00,10.0,0.25,300.0,0.0,10.0,43.0,32.0,452,4.603575221238938,4.6274999999999995,9.47745,10.98676,12.93,-0.951,3.157195662816808,47.91519434628975
20250906T090020Z,2025-09-08T11:30:58.274222+00:00,10.0,0.25,300.0,50.0,0.0,42.0,32.0,452,4.603575221238938,4.6274999999999995,9.47745,10.98676,12.93,-0.951,3.157195662816808,47.91519434628975
20250906T090020Z,2025-09-08T11:30:59.963460+00:00,10.0,0.25,300.0,50.0,0.0,43.0,32.0,452,4.603575221238938,4.6274999999999995,9.47745,10.98676,12.93,-0.951,3.157195662816808,47.91519434628975
20250906T090020Z,2025-09-08T11:31:01.809766+00:00,10.0,0.25,300.0,50.0,1.0,42.0,32.0,452,4.603575221238938,4.6274999999999995,9.47745,10.98676,12.93,-0.951,3.157195662816808,47.91519434628975
20250906T090020Z,2025-09-08T11:31:03.524283+00:00,10.0,0.25,300.0,50.0,1.0,43.0,32.0,452,4.603575221238938,4.6274999999999995,9.47745,10.98676,12.93,-0.951,3.157195662816808,47.91519434628975
20250906T090020Z,2025-09-08T11:31:05.220560+00:00,10.0,0.25,300.0,50.0,2.0,42.0,32.0,452,4.603575221238938,4.6274999999999995,9.47745,10.98676,12.93,-0.951,3.157195662816808,47.91519434628975
20250906T090020Z,2025-09-08T11:31:06.903421+00:00,10.0,0.25,300.0,50.0,2.0,43.0,32.0,452,4.603575221238938,4.6274999999999995,9.47745,10.98676,12.93,-0.951,3.157195662816808,47.91519434628975
20250906T090020Z,2025-09-08T11:31:08.581460+00:00,10.0,0.25,300.0,50.0,5.0,42.0,32.0,452,4.603575221238938,4.6274999999999995,9.47745,10.98676,12.93,-0.951,3.157195662816808,47.91519434628975
20250906T090020Z,2025-09-08T11:31:10.269827+00:00,10.0,0.25,300.0,50.0,5.0,43.0,32.0,452,4.603575221238938,4.6274999999999995,9.47745,10.98676,12.93,-0.951,3.157195662816808,47.91519434628975
20250906T090020Z,2025-09-08T11:31:11.948709+00:00,10.0,0.25,300.0,50.0,10.0,42.0,32.0,452,4.603575221238938,4.6274999999999995,9.47745,10.98676,12.93,-0.951,3.157195662816808,47.91519434628975
20250906T090020Z,2025-09-08T11:31:13.625040+00:00,10.0,0.25,300.0,50.0,10.0,43.0,32.0,452,4.603575221238938,4.6274999999999995,9.47745,10.98676,12.93,-0.951,3.157195662816808,47.91519434628975
20250906T090020Z,2025-09-08T11:31:15.296727+00:00,10.0,0.25,300.0,100.0,0.0,42.0,32.0,452,4.603575221238938,4.6274999999999995,9.47745,10.98676,12.93,-0.951,3.157195662816808,47.91519434628975
20250906T090020Z,2025-09-08T11:31:16.977213+00:00,10.0,0.25,300.0,100.0,0.0,43.0,32.0,452,4.603575221238938,4.6274999999999995,9.47745,10.98676,12.93,-0.951,3.157195662816808,47.91519434628975
20250906T090020Z,2025-09-08T11:31:18.658225+00:00,10.0,0.25,300.0,100.0,1.0,42.0,32.0,452,4.603575221238938,4.6274999999999995,9.47745,10.98676,12.93,-0.951,3.157195662816808,47.91519434628975
20250906T090020Z,2025-09-08T11:31:20.338914+00:00,10.0,0.25,300.0,100.0,1.0,43.0,32.0,452,4.603575221238938,4.6274999999999995,9.47745,10.98676,12.93,-0.951,3.157195662816808,47.91519434628975
20250906T090020Z,2025-09-08T11:31:22.015851+00:00,10.0,0.25,300.0,100.0,2.0,42.0,32.0,452,4.603575221238938,4.6274999999999995,9.47745,10.98676,12.93,-0.951,3.157195662816808,47.91519434628975
20250906T090020Z,2025-09-08T11:31:23.692323+00:00,10.0,0.25,300.0,100.0,2.0,43.0,32.0,452,4.603575221238938,4.6274999999999995,9.47745,10.98676,12.93,-0.951,3.157195662816808,47.91519434628975
20250906T090020Z,2025-09-08T11:31:25.372783+00:00,10.0,0.25,300.0,100.0,5.0,42.0,32.0,452,4.603575221238938,4.6274999999999995,9.47745,10.98676,12.93,-0.951,3.157195662816808,47.91519434628975
20250906T090020Z,2025-09-08T11:31:27.055385+00:00,10.0,0.25,300.0,100.0,5.0,43.0,32.0,452,4.603575221238938,4.6274999999999995,9.47745,10.98676,12.93,-0.951,3.157195662816808,47.91519434628975
20250906T090020Z,2025-09-08T11:31:28.728525+00:00,10.0,0.25,300.0,100.0,10.0,42.0,32.0,452,4.603575221238938,4.6274999999999995,9.47745,10.98676,12.93,-0.951,3.157195662816808,47.91519434628975
20250906T090020Z,2025-09-08T11:31:30.404939+00:00,10.0,0.25,300.0,100.0,10.0,43.0,32.0,452,4.603575221238938,4.6274999999999995,9.47745,10.98676,12.93,-0.951,3.157195662816808,47.91519434628975
20250906T090020Z,2025-09-08T11:31:32.091962+00:00,10.0,0.25,300.0,200.0,0.0,42.0,32.0,452,4.603575221238938,4.6274999999999995,9.47745,10.98676,12.93,-0.951,3.157195662816808,47.91519434628975
20250906T090020Z,2025-09-08T11:31:33.771747+00:00,10.0,0.25,300.0,200.0,0.0,43.0,32.0,452,4.603575221238938,4.6274999999999995,9.47745,10.98676,12.93,-0.951,3.157195662816808,47.91519434628975
20250906T090020Z,2025-09-08T11:31:35.447984+00:00,10.0,0.25,300.0,200.0,1.0,42.0,32.0,452,4.603575221238938,4.6274999999999995,9.47745,10.98676,12.93,-0.951,3.157195662816808,47.91519434628975
20250906T090020Z,2025-09-08T11:31:37.128650+00:00,10.0,0.25,300.0,200.0,1.0,43.0,32.0,452,4.603575221238938,4.6274999999999995,9.47745,10.98676,12.93,-0.951,3.157195662816808,47.91519434628975
20250906T090020Z,2025-09-08T11:31:38.809518+00:00,10.0,0.25,300.0,200.0,2.0,42.0,32.0,452,4.603575221238938,4.6274999999999995,9.47745,10.98676,12.93,-0.951,3.157195662816808,47.91519434628975
20250906T090020Z,2025-09-08T11:31:40.486855+00:00,10.0,0.25,300.0,200.0,2.0,43.0,32.0,452,4.603575221238938,4.6274999999999995,9.47745,10.98676,12.93,-0.951,3.157195662816808,47.91519434628975
20250906T090020Z,2025-09-08T11:31:42.170233+00:00,10.0,0.25,300.0,200.0,5.0,42.0,32.0,452,4.603575221238938,4.6274999999999995,9.47745,10.98676,12.93,-0.951,3.157195662816808,47.91519434628975
20250906T090020Z,2025-09-08T11:31:43.840147+00:00,10.0,0.25,300.0,200.0,5.0,43.0,32.0,452,4.603575221238938,4.6274999999999995,9.47745,10.98676,12.93,-0.951,3.157195662816808,47.91519434628975
20250906T090020Z,2025-09-08T11:31:45.520129+00:00,10.0,0.25,300.0,200.0,10.0,42.0,32.0,452,4.603575221238938,4.6274999999999995,9.47745,10.98676,12.93,-0.951,3.157195662816808,47.91519434628975
20250906T090020Z,2025-09-08T11:31:47.204391+00:00,10.0,0.25,300.0,200.0,10.0,43.0,32.0,452,4.603575221238938,4.6274999999999995,9.47745,10.98676,12.93,-0.951,3.157195662816808,47.91519434628975
20250906T090020Z,2025-09-08T11:31:48.993005+00:00,10.0,0.25,300.0,500.0,0.0,42.0,32.0,452,4.603575221238938,4.6274999999999995,9.47745,10.98676,12.93,-0.951,3.157195662816808,47.91519434628975
20250906T090020Z,2025-09-08T11:31:50.676336+00:00,10.0,0.25,300.0,500.0,0.0,43.0,32.0,452,4.603575221238938,4.6274999999999995,9.47745,10.98676,12.93,-0.951,3.157195662816808,47.91519434628975
20250906T090020Z,2025-09-08T11:31:52.348997+00:00,10.0,0.25,300.0,500.0,1.0,42.0,32.0,452,4.603575221238938,4.6274999999999995,9.47745,10.98676,12.93,-0.951,3.157195662816808,47.91519434628975
20250906T090020Z,2025-09-08T11:31:54.036614+00:00,10.0,0.25,300.0,500.0,1.0,43.0,32.0,452,4.603575221238938,4.6274999999999995,9.47745,10.98676,12.93,-0.951,3.157195662816808,47.91519434628975
20250906T090020Z,2025-09-08T11:31:55.717556+00:00,10.0,0.25,300.0,500.0,2.0,42.0,32.0,452,4.603575221238938,4.6274999999999995,9.47745,10.98676,12.93,-0.951,3.157195662816808,47.91519434628975
20250906T090020Z,2025-09-08T11:31:57.410126+00:00,10.0,0.25,300.0,500.0,2.0,43.0,32.0,452,4.603575221238938,4.6274999999999995,9.47745,10.98676,12.93,-0.951,3.157195662816808,47.91519434628975
20250906T090020Z,2025-09-08T11:31:59.079062+00:00,10.0,0.25,300.0,500.0,5.0,42.0,32.0,452,4.603575221238938,4.6274999999999995,9.47745,10.98676,12.93,-0.951,3.157195662816808,47.91519434628975
20250906T090020Z,2025-09-08T11:32:00.779839+00:00,10.0,0.25,300.0,500.0,5.0,43.0,32.0,452,4.603575221238938,4.6274999999999995,9.47745,10.98676,12.93,-0.951,3.157195662816808,47.91519434628975
20250906T090020Z,2025-09-08T11:32:02.456123+00:00,10.0,0.25,300.0,500.0,10.0,42.0,32.0,452,4.603575221238938,4.6274999999999995,9.47745,10.98676,12.93,-0.951,3.157195662816808,47.91519434628975
20250906T090020Z,2025-09-08T11:32:04.138159+00:00,10.0,0.25,300.0,500.0,10.0,43.0,32.0,452,4.603575221238938,4.6274999999999995,9.47745,10.98676,12.93,-0.951,3.157195662816808,47.91519434628975
20250906T090020Z,2025-09-08T11:32:10.817564+00:00,1.0,0.25,300.0,100.0,2.0,42.0,32.0,452,4.603575221238938,4.6274999999999995,9.47745,10.98676,12.93,-0.951,3.157195662816808,47.91519434628975
20250906T090020Z,2025-09-08T11:32:12.520142+00:00,1.0,0.25,300.0,100.0,2.0,43.0,32.0,452,4.603575221238938,4.6274999999999995,9.47745,10.98676,12.93,-0.951,3.157195662816808,47.91519434628975
20250906T090020Z,2025-09-08T11:32:14.219215+00:00,5.0,0.25,300.0,100.0,2.0,42.0,32.0,452,4.603575221238938,4.6274999999999995,9.47745,10.98676,12.93,-0.951,3.157195662816808,47.91519434628975
20250906T090020Z,2025-09-08T11:32:15.911650+00:00,5.0,0.25,300.0,100.0,2.0,43.0,32.0,452,4.603575221238938,4.6274999999999995,9.47745,10.98676,12.93,-0.951,3.157195662816808,47.91519434628975
20250906T090020Z,2025-09-08T11:32:17.725202+00:00,10.0,0.25,300.0,100.0,2.0,42.0,32.0,452,4.603575221238938,4.6274999999999995,9.47745,10.98676,12.93,-0.951,3.157195662816808,47.91519434628975
20250906T090020Z,2025-09-08T11:32:19.416765+00:00,10.0,0.25,300.0,100.0,2.0,43.0,32.0,452,4.603575221238938,4.6274999999999995,9.47745,10.98676,12.93,-0.951,3.157195662816808,47.91519434628975
20250906T090020Z,2025-09-08T11:32:21.136719+00:00,20.0,0.25,300.0,100.0,2.0,42.0,32.0,452,4.603575221238938,4.6274999999999995,9.47745,10.98676,12.93,-0.951,3.157195662816808,47.91519434628975
20250906T090020Z,2025-09-08T11:32:22.848627+00:00,20.0,0.25,300.0,100.0,2.0,43.0,32.0,452,4.603575221238938,4.6274999999999995,9.47745,10.98676,12.93,-0.951,3.157195662816808,47.91519434628975
20250906T090020Z,2025-09-08T11:32:24.559554+00:00,50.0,0.25,300.0,100.0,2.0,42.0,32.0,452,4.603575221238938,4.6274999999999995,9.47745,10.98676,12.93,-0.951,3.157195662816808,47.91519434628975
20250906T090020Z,2025-09-08T11:32:26.257783+00:00,50.0,0.25,300.0,100.0,2.0,43.0,32.0,452,4.603575221238938,4.6274999999999995,9.47745,10.98676,12.93,-0.951,3.157195662816808,47.91519434628975
20250906T090020Z,2025-09-08T11:32:27.953443+00:00,100.0,0.25,300.0,100.0,2.0,42.0,32.0,452,4.603575221238938,4.6274999999999995,9.47745,10.98676,12.93,-0.951,3.157195662816808,47.91519434628975
20250906T090020Z,2025-09-08T11:32:29.646234+00:00,100.0,0.25,300.0,100.0,2.0,43.0,32.0,452,4.603575221238938,4.6274999999999995,9.47745,10.98676,12.93,-0.951,3.157195662816808,47.91519434628975
20250908T114044Z,2025-09-08T11:59:54.298574+00:00,,,,,,,,664,4.350846385542169,4.432,9.179649999999999,10.421140000000001,12.601,-0.963,3.1471452457880718,36.82070240295748
20250908T122110Z,2025-09-08T12:33:05.632363+00:00,,,,,,,,378,4.522293650793651,4.593,9.4534,10.655210000000002,11.997,-0.849,3.2276001795212372,34.46808510638298
20250908T123613Z,2025-09-08T12:47:13.470908+00:00,10.0,0.25,300.0,100.0,2.0,42.0,8.0,462,4.313253246753247,4.393,8.95675,9.93808,13.196,-0.889,3.1252421946476976,46.12312811980033
20250908T124732Z,2025-09-08T12:58:35.321078+00:00,10.0,0.25,300.0,100.0,2.0,43.0,8.0,999,4.265830830830831,4.296,8.9058,9.59512,13.196,-0.964,3.063386995823867,46.79156908665105
20250908T125854Z,2025-09-08T13:09:56.180016+00:00,10.0,0.25,300.0,100.0,2.0,44.0,8.0,1109,4.26519477006312,4.296,8.909799999999999,9.593240000000002,13.196,-0.964,3.061061351461196,48.04332129963899
20250908T172425Z,2025-09-08T17:36:22.702029+00:00,,,,,,,,1795,4.196196657381616,4.131,8.8621,9.6336,10.273,-0.999,3.024433808606515,50.658513640639704
20250908T173857Z,2025-09-08T17:50:07.906038+00:00,10.0,0.25,300.0,100.0,2.0,42.0,8.0,399,2.0061629072681706,2.032,4.5649999999999995,7.610419999999981,11.902,-0.979,1.935323878216653,39.18166939443535
20250908T175027Z,2025-09-08T18:01:37.566466+00:00,10.0,0.25,300.0,100.0,2.0,43.0,8.0,798,1.8699486215538847,1.8730000000000002,4.409999999999999,4.76418,6.428,-0.993,1.7109854288929287,39.08571428571428
20250908T180221Z,2025-09-08T18:13:47.971433+00:00,10.0,0.25,300.0,100.0,2.0,42.0,16.0,414,2.0513671497584545,2.067,4.536799999999998,7.681380000000004,12.341,-0.914,1.95783818504528,40.0
20250908T181420Z,2025-09-08T18:25:46.415623+00:00,10.0,0.25,300.0,100.0,2.0,43.0,16.0,226,2.0065442477876108,1.944,4.522,8.662749999999999,11.429,-0.95,1.9876899423507481,54.023904382470114
20250908T182652Z,2025-09-08T18:38:34.955231+00:00,10.0,0.25,300.0,100.0,2.0,42.0,24.0,397,1.9749697732997478,1.743,4.6776,7.424840000000023,12.022,-0.914,1.9864015353624,37.21875
20250908T183923Z,2025-09-08T18:51:06.676830+00:00,10.0,0.25,300.0,100.0,2.0,43.0,24.0,774,1.8240878552971578,1.671,4.5807,4.907069999999999,5.504,-0.949,1.7532648783168074,37.36122284794851
20250908T185226Z,2025-09-08T19:04:26.189758+00:00,10.0,0.25,300.0,100.0,2.0,42.0,32.0,403,2.022074441687345,1.933,4.814599999999999,6.712060000000003,11.74,-0.892,1.9829541017303016,36.97247706422018
20250909T132555Z,2025-09-09T13:37:44.748960+00:00,,,,,,,,297,1.8553838383838384,1.845,4.6404,6.353760000000024,9.99,-0.923,1.9076388956572483,28.107255520504733
20250909T133853Z,2025-09-09T13:50:43.245840+00:00,,,,,,,,651,1.8083010752688171,1.825,4.505,5.2395,6.775,-0.953,1.770247594585939,30.092449922958398
